<?xml version = '1.0' encoding = 'UTF-8'?>
<Relation class="oracle.dbtools.crest.model.design.logical.Relation" name="Hodnotenie" directorySegmentName="seg_0" id="360B9036-DC43-7D40-487A-0AEBE8191F24">
<createdBy>lesko</createdBy>
<createdTime>2020-05-12 19:24:44 UTC</createdTime>
<ownerDesignName>let</ownerDesignName>
<engineerTo>
<item key="1E19976D-D41A-C8FC-0B1B-72ADD84607B9" value="true"/>
</engineerTo>
<sourcePk>21E1DBB9-2962-9332-187A-35FF7D34987B</sourcePk>
<identifying>false</identifying>
<nameOnSource>Napise</nameOnSource>
<optionalSource>true</optionalSource>
<optionalTarget>true</optionalTarget>
<sourceCardinality>1</sourceCardinality>
<sourceEntity>46496F9C-8E85-155C-5F43-D371F8789AC3</sourceEntity>
<targetCardinalityString>*</targetCardinalityString>
<targetEntity>BB7803D9-0372-C3FF-EC02-B481A418F9CA</targetEntity>
<transferable>true</transferable>
<deleteRule>NO ACTION</deleteRule>
</Relation>