<?xml version = '1.0' encoding = 'UTF-8'?>
<Relation class="oracle.dbtools.crest.model.design.logical.Relation" name="Destinacia" directorySegmentName="seg_0" id="3EF0F01E-F55C-B1A6-EE05-8D6811FA692E">
<createdBy>lesko</createdBy>
<createdTime>2020-03-31 20:13:22 UTC</createdTime>
<ownerDesignName>let</ownerDesignName>
<engineerTo>
<item key="1E19976D-D41A-C8FC-0B1B-72ADD84607B9" value="true"/>
</engineerTo>
<identifying>false</identifying>
<nameOnSource>Smeruje do</nameOnSource>
<optionalSource>false</optionalSource>
<optionalTarget>true</optionalTarget>
<sourceCardinality>*</sourceCardinality>
<sourceEntity>C1C33D02-6248-2D8D-C877-612E98391305</sourceEntity>
<targetCardinalityString>*</targetCardinalityString>
<targetEntity>233863A8-4F4A-BA19-21BC-C4967F599345</targetEntity>
<transferable>true</transferable>
<deleteRule>NO ACTION</deleteRule>
</Relation>