<?xml version = '1.0' encoding = 'UTF-8'?>
<Relation class="oracle.dbtools.crest.model.design.logical.Relation" name="Tazka" directorySegmentName="seg_0" id="41007AC9-F93C-CCC0-6D46-9A7DB53C909E">
<createdBy>lesko</createdBy>
<createdTime>2020-03-31 22:47:54 UTC</createdTime>
<ownerDesignName>let</ownerDesignName>
<engineerTo>
<item key="1E19976D-D41A-C8FC-0B1B-72ADD84607B9" value="true"/>
</engineerTo>
<sourcePk>D209859E-EE9E-D988-9423-3C2D92C5C7E6</sourcePk>
<arc>60D939A0-6C80-029D-31D2-15A6A676B4BC</arc>
<identifying>true</identifying>
<nameOnSource>Moze byt</nameOnSource>
<optionalSource>true</optionalSource>
<optionalTarget>false</optionalTarget>
<sourceCardinality>1</sourceCardinality>
<sourceEntity>6E2AC022-A990-571F-0EDB-6441E05A3542</sourceEntity>
<targetCardinalityString>1</targetCardinalityString>
<targetEntity>FD6E5ECC-F9A9-8730-7647-BFBC867DF011</targetEntity>
<transferable>true</transferable>
<deleteRule>NO ACTION</deleteRule>
</Relation>