<?xml version = '1.0' encoding = 'UTF-8'?>
<Relation class="oracle.dbtools.crest.model.design.logical.Relation" name="Let" directorySegmentName="seg_0" id="5A28B227-03D7-2B58-0996-EDEF2C11705F">
<createdBy>lesko</createdBy>
<createdTime>2020-03-31 21:23:12 UTC</createdTime>
<ownerDesignName>let</ownerDesignName>
<engineerTo>
<item key="1E19976D-D41A-C8FC-0B1B-72ADD84607B9" value="true"/>
</engineerTo>
<targetPk>8D14D40A-F64E-3572-1589-A4405EAF2661</targetPk>
<identifying>false</identifying>
<nameOnSource>Je priradeny</nameOnSource>
<optionalSource>false</optionalSource>
<optionalTarget>true</optionalTarget>
<sourceCardinality>*</sourceCardinality>
<sourceEntity>0B759F23-473A-FFF8-B0AE-2C69B93E0B41</sourceEntity>
<targetCardinalityString>1</targetCardinalityString>
<targetEntity>C1C33D02-6248-2D8D-C877-612E98391305</targetEntity>
<transferable>true</transferable>
<deleteRule>NO ACTION</deleteRule>
</Relation>