<?xml version = '1.0' encoding = 'UTF-8'?>
<Relation class="oracle.dbtools.crest.model.design.logical.Relation" name="Batozina" directorySegmentName="seg_0" id="713BF0A0-D767-C867-0FAA-96028E2A9417">
<createdBy>lesko</createdBy>
<createdTime>2020-04-01 11:34:53 UTC</createdTime>
<ownerDesignName>let</ownerDesignName>
<engineerTo>
<item key="1E19976D-D41A-C8FC-0B1B-72ADD84607B9" value="true"/>
</engineerTo>
<sourcePk>ABF338CB-0BB4-6D36-040E-C3C13F5D5603</sourcePk>
<identifying>false</identifying>
<nameOnSource>Je pripisana</nameOnSource>
<optionalSource>true</optionalSource>
<optionalTarget>false</optionalTarget>
<sourceCardinality>1</sourceCardinality>
<sourceEntity>0B759F23-473A-FFF8-B0AE-2C69B93E0B41</sourceEntity>
<targetCardinalityString>*</targetCardinalityString>
<targetEntity>6E2AC022-A990-571F-0EDB-6441E05A3542</targetEntity>
<transferable>true</transferable>
<deleteRule>NO ACTION</deleteRule>
</Relation>