<?xml version = '1.0' encoding = 'UTF-8'?>
<Relation class="oracle.dbtools.crest.model.design.logical.Relation" name="Typ_leteka" directorySegmentName="seg_0" id="8DA8E34F-5455-9E8D-3454-D3C7BDAB730B">
<createdBy>lesko</createdBy>
<createdTime>2020-03-31 20:40:55 UTC</createdTime>
<ownerDesignName>let</ownerDesignName>
<engineerTo>
<item key="1E19976D-D41A-C8FC-0B1B-72ADD84607B9" value="true"/>
</engineerTo>
<sourcePk>ABF338CB-0BB4-6D36-040E-C3C13F5D5603</sourcePk>
<targetPk>D7C28005-ABDA-68F3-C58E-77A452477E6F</targetPk>
<identifying>false</identifying>
<nameOnSource>Je typu</nameOnSource>
<optionalSource>false</optionalSource>
<optionalTarget>true</optionalTarget>
<sourceCardinality>*</sourceCardinality>
<sourceEntity>0B759F23-473A-FFF8-B0AE-2C69B93E0B41</sourceEntity>
<targetCardinalityString>1</targetCardinalityString>
<targetEntity>4301891B-55FA-182F-ABCF-A94CCD8465FD</targetEntity>
<transferable>true</transferable>
<deleteRule>NO ACTION</deleteRule>
</Relation>