<?xml version = '1.0' encoding = 'UTF-8'?>
<Relation class="oracle.dbtools.crest.model.design.logical.Relation" name="Adresa" directorySegmentName="seg_0" id="F30C4C6D-818E-433F-9AD5-4A8713B318DF">
<createdBy>lesko</createdBy>
<createdTime>2020-05-12 19:25:06 UTC</createdTime>
<ownerDesignName>let</ownerDesignName>
<engineerTo>
<item key="1E19976D-D41A-C8FC-0B1B-72ADD84607B9" value="true"/>
</engineerTo>
<sourcePk>21E1DBB9-2962-9332-187A-35FF7D34987B</sourcePk>
<targetPk>9E021741-01E8-9582-545F-7ABDEBD725EE</targetPk>
<identifying>false</identifying>
<nameOnSource>Byva na</nameOnSource>
<optionalSource>false</optionalSource>
<optionalTarget>true</optionalTarget>
<sourceCardinality>*</sourceCardinality>
<sourceEntity>46496F9C-8E85-155C-5F43-D371F8789AC3</sourceEntity>
<targetCardinalityString>1</targetCardinalityString>
<targetEntity>EFDA03A5-63C5-87E9-3E52-88BDE614F196</targetEntity>
<transferable>true</transferable>
<deleteRule>NO ACTION</deleteRule>
</Relation>