<?xml version = '1.0' encoding = 'UTF-8'?>
<Relation class="oracle.dbtools.crest.model.design.logical.Relation" name="Kupuje" directorySegmentName="seg_0" id="F7BBC5DD-8094-623E-E453-3107F890BAC3">
<createdBy>lesko</createdBy>
<createdTime>2020-05-12 19:23:58 UTC</createdTime>
<ownerDesignName>let</ownerDesignName>
<engineerTo>
<item key="1E19976D-D41A-C8FC-0B1B-72ADD84607B9" value="true"/>
</engineerTo>
<sourcePk>21E1DBB9-2962-9332-187A-35FF7D34987B</sourcePk>
<identifying>false</identifying>
<nameOnSource>Kupuje</nameOnSource>
<optionalSource>true</optionalSource>
<optionalTarget>false</optionalTarget>
<sourceCardinality>1</sourceCardinality>
<sourceEntity>46496F9C-8E85-155C-5F43-D371F8789AC3</sourceEntity>
<targetCardinalityString>*</targetCardinalityString>
<targetEntity>0B759F23-473A-FFF8-B0AE-2C69B93E0B41</targetEntity>
<transferable>true</transferable>
<deleteRule>NO ACTION</deleteRule>
</Relation>