<?xml version = '1.0' encoding = 'UTF-8'?>
<Entity class="oracle.dbtools.crest.model.design.logical.Entity" directorySegmentName="seg_0" id="0B759F23-473A-FFF8-B0AE-2C69B93E0B41" name="LETENKA">
<createdBy>lesko</createdBy>
<createdTime>2020-03-31 17:50:12 UTC</createdTime>
<ownerDesignName>let</ownerDesignName>
<engineerTo>
<item key="1E19976D-D41A-C8FC-0B1B-72ADD84607B9" value="true"/>
</engineerTo>
<adequatelyNormalized>NO</adequatelyNormalized>
<expectedVolumes>0</expectedVolumes>
<fwdEngineeringStrategyName>Single Table</fwdEngineeringStrategyName>
<growthPercent>0</growthPercent>
<growthType>Year</growthType>
<maxVolumes>9999999</maxVolumes>
<minVolumes>0</minVolumes>
<normalForm>Third</normalForm>
<attributes itemClass="oracle.dbtools.crest.model.design.logical.Attribute">
<Attribute name="ID_letenka" id="2F826D76-B355-3963-F944-514E25B982CB">
<createdBy>lesko</createdBy>
<createdTime>2020-03-31 20:06:53 UTC</createdTime>
<ownerDesignName>let</ownerDesignName>
<engineerTo>
<item key="1E19976D-D41A-C8FC-0B1B-72ADD84607B9" value="true"/>
</engineerTo>
<useDomainConstraints>false</useDomainConstraints>
<use>1</use>
<logicalDatatype>LOGDT011</logicalDatatype>
<ownDataTypeParameters>,,</ownDataTypeParameters>
</Attribute>
<Attribute name="Datum_odletu" id="83F0529E-022E-3351-2691-F2BFEA3473C1">
<createdBy>lesko</createdBy>
<createdTime>2020-03-31 20:06:53 UTC</createdTime>
<ownerDesignName>let</ownerDesignName>
<engineerTo>
<item key="1E19976D-D41A-C8FC-0B1B-72ADD84607B9" value="true"/>
</engineerTo>
<useDomainConstraints>false</useDomainConstraints>
<use>1</use>
<logicalDatatype>LOGDT007</logicalDatatype>
<ownDataTypeParameters>,,</ownDataTypeParameters>
</Attribute>
<Attribute name="Datum_priletu" id="B9486C36-C405-5C58-6FA9-82BBFD06DACD">
<createdBy>lesko</createdBy>
<createdTime>2020-03-31 20:06:53 UTC</createdTime>
<ownerDesignName>let</ownerDesignName>
<engineerTo>
<item key="1E19976D-D41A-C8FC-0B1B-72ADD84607B9" value="true"/>
</engineerTo>
<nullsAllowed>true</nullsAllowed>
<useDomainConstraints>false</useDomainConstraints>
<use>1</use>
<logicalDatatype>LOGDT007</logicalDatatype>
<ownDataTypeParameters>,,</ownDataTypeParameters>
</Attribute>
<Attribute name="ID_typ" id="E8A67657-B0FA-B08B-A921-5ACDE554BDB8">
<createdBy>lesko</createdBy>
<createdTime>2020-03-31 20:41:43 UTC</createdTime>
<generatorID>8DA8E34F-5455-9E8D-3454-D3C7BDAB730B</generatorID>
<ownerDesignName>let</ownerDesignName>
<engineerTo>
<item key="1E19976D-D41A-C8FC-0B1B-72ADD84607B9" value="true"/>
</engineerTo>
<referedAttribute>CA865044-5C2B-5290-7C40-3C4347ADF2BF</referedAttribute>
<useDomainConstraints>false</useDomainConstraints>
<use>1</use>
<logicalDatatype>LOGDT011</logicalDatatype>
<ownDataTypeParameters>,,</ownDataTypeParameters>
</Attribute>
<Attribute name="Cena" id="240C0549-6BBE-255E-73E5-716FF9DAFF9B">
<createdBy>lesko</createdBy>
<createdTime>2020-03-31 21:25:58 UTC</createdTime>
<ownerDesignName>let</ownerDesignName>
<engineerTo>
<item key="1E19976D-D41A-C8FC-0B1B-72ADD84607B9" value="true"/>
</engineerTo>
<useDomainConstraints>false</useDomainConstraints>
<use>1</use>
<logicalDatatype>LOGDT019</logicalDatatype>
<dataTypePrecision>6</dataTypePrecision>
<dataTypeScale>2</dataTypeScale>
<ownDataTypeParameters>,6,2</ownDataTypeParameters>
</Attribute>
<Attribute name="ID_let" id="BD2628A8-AC65-1E29-B87C-1BAC55991ED2">
<createdBy>lesko</createdBy>
<createdTime>2020-03-31 23:09:40 UTC</createdTime>
<generatorID>5A28B227-03D7-2B58-0996-EDEF2C11705F</generatorID>
<ownerDesignName>let</ownerDesignName>
<engineerTo>
<item key="1E19976D-D41A-C8FC-0B1B-72ADD84607B9" value="true"/>
</engineerTo>
<referedAttribute>FBCD6338-431D-F1B5-D5B5-D56A98ADBD5B</referedAttribute>
<useDomainConstraints>false</useDomainConstraints>
<use>1</use>
<logicalDatatype>LOGDT011</logicalDatatype>
<ownDataTypeParameters>,,</ownDataTypeParameters>
</Attribute>
<Attribute name="Sedadlo" id="6604BAF4-5633-1CF6-D2E3-CDF3F2143343">
<createdBy>lesko</createdBy>
<createdTime>2020-03-31 23:11:55 UTC</createdTime>
<ownerDesignName>let</ownerDesignName>
<engineerTo>
<item key="1E19976D-D41A-C8FC-0B1B-72ADD84607B9" value="true"/>
</engineerTo>
<useDomainConstraints>false</useDomainConstraints>
<use>1</use>
<logicalDatatype>LOGDT011</logicalDatatype>
<ownDataTypeParameters>,,</ownDataTypeParameters>
</Attribute>
<Attribute name="Rada" id="2067F417-3325-8CEC-EB56-7A8564F21895">
<createdBy>lesko</createdBy>
<createdTime>2020-03-31 23:12:03 UTC</createdTime>
<ownerDesignName>let</ownerDesignName>
<engineerTo>
<item key="1E19976D-D41A-C8FC-0B1B-72ADD84607B9" value="true"/>
</engineerTo>
<useDomainConstraints>false</useDomainConstraints>
<use>1</use>
<logicalDatatype>LOGDT011</logicalDatatype>
<ownDataTypeParameters>,,</ownDataTypeParameters>
</Attribute>
<Attribute name="ID_zakaznik" id="5F73622C-9625-EBDD-AE75-33715931043C">
<createdBy>lesko</createdBy>
<createdTime>2020-05-12 19:23:58 UTC</createdTime>
<generatorID>F7BBC5DD-8094-623E-E453-3107F890BAC3</generatorID>
<ownerDesignName>let</ownerDesignName>
<engineerTo>
<item key="1E19976D-D41A-C8FC-0B1B-72ADD84607B9" value="true"/>
</engineerTo>
<referedAttribute>D07F3D46-6184-5A14-CBD6-0937CD43A77D</referedAttribute>
<useDomainConstraints>false</useDomainConstraints>
<use>1</use>
<logicalDatatype>LOGDT011</logicalDatatype>
<ownDataTypeParameters>,,</ownDataTypeParameters>
</Attribute>
</attributes>
<identifiers itemClass="oracle.dbtools.crest.model.design.logical.CandidateKey">
<identifier id="ABF338CB-0BB4-6D36-040E-C3C13F5D5603" name="LETENKA PK">
<createdBy>lesko</createdBy>
<createdTime>2020-03-31 20:07:17 UTC</createdTime>
<ownerDesignName>let</ownerDesignName>
<engineerTo>
<item key="1E19976D-D41A-C8FC-0B1B-72ADD84607B9" value="true"/>
</engineerTo>
<pk>true</pk>
<usedAttributes>
<attributeRef>2F826D76-B355-3963-F944-514E25B982CB</attributeRef>
</usedAttributes>
</identifier>
</identifiers>
</Entity>