<?xml version = '1.0' encoding = 'UTF-8'?>
<Entity class="oracle.dbtools.crest.model.design.logical.Entity" directorySegmentName="seg_0" id="14D0E2C8-9B07-0BE5-4479-CCE82363E3BC" name="PRIRUCNA">
<createdBy>lesko</createdBy>
<createdTime>2020-03-31 22:42:37 UTC</createdTime>
<ownerDesignName>let</ownerDesignName>
<engineerTo>
<item key="1E19976D-D41A-C8FC-0B1B-72ADD84607B9" value="true"/>
</engineerTo>
<adequatelyNormalized>NO</adequatelyNormalized>
<expectedVolumes>0</expectedVolumes>
<fwdEngineeringStrategyName>Single Table</fwdEngineeringStrategyName>
<growthPercent>0</growthPercent>
<growthType>Year</growthType>
<maxVolumes>9999999</maxVolumes>
<minVolumes>0</minVolumes>
<normalForm>Third</normalForm>
<attributes itemClass="oracle.dbtools.crest.model.design.logical.Attribute">
<Attribute name="Vyska_prirucna" id="2F4D296C-8EE6-241B-1898-EE0AA8623497">
<createdBy>lesko</createdBy>
<createdTime>2020-04-01 11:13:14 UTC</createdTime>
<ownerDesignName>let</ownerDesignName>
<engineerTo>
<item key="1E19976D-D41A-C8FC-0B1B-72ADD84607B9" value="true"/>
</engineerTo>
<useDomainConstraints>false</useDomainConstraints>
<use>1</use>
<logicalDatatype>LOGDT011</logicalDatatype>
<ownDataTypeParameters>,,</ownDataTypeParameters>
<listOfRanges>
<rangeDef class="oracle.dbtools.crest.model.design.constraint.AVT">
<beginValue>0</beginValue>
<endValue>50</endValue>
</rangeDef>
</listOfRanges>
</Attribute>
<Attribute name="Sirka_prirucna" id="05D9B75E-5078-A9B9-7C33-6F1081CCBE70">
<createdBy>lesko</createdBy>
<createdTime>2020-04-01 11:13:36 UTC</createdTime>
<ownerDesignName>let</ownerDesignName>
<engineerTo>
<item key="1E19976D-D41A-C8FC-0B1B-72ADD84607B9" value="true"/>
</engineerTo>
<useDomainConstraints>false</useDomainConstraints>
<use>1</use>
<logicalDatatype>LOGDT011</logicalDatatype>
<ownDataTypeParameters>,,</ownDataTypeParameters>
<listOfRanges>
<rangeDef class="oracle.dbtools.crest.model.design.constraint.AVT">
<beginValue>0</beginValue>
<endValue>45</endValue>
</rangeDef>
</listOfRanges>
</Attribute>
<Attribute name="Vaha_prirucna" id="A2927FD8-DD85-73F7-AE3B-01E4E7F83078">
<createdBy>lesko</createdBy>
<createdTime>2020-04-01 11:14:16 UTC</createdTime>
<ownerDesignName>let</ownerDesignName>
<engineerTo>
<item key="1E19976D-D41A-C8FC-0B1B-72ADD84607B9" value="true"/>
</engineerTo>
<useDomainConstraints>false</useDomainConstraints>
<use>1</use>
<logicalDatatype>LOGDT011</logicalDatatype>
<ownDataTypeParameters>,,</ownDataTypeParameters>
<listOfRanges>
<rangeDef class="oracle.dbtools.crest.model.design.constraint.AVT">
<beginValue>0</beginValue>
<endValue>8</endValue>
</rangeDef>
</listOfRanges>
</Attribute>
<Attribute name="ID_batozina" id="E833D040-0CCB-23F2-35ED-E297EC22B090">
<createdBy>lesko</createdBy>
<createdTime>2020-04-01 11:14:42 UTC</createdTime>
<generatorID>C2B4E984-DFE0-78FB-6E41-F477BF3CBBD3</generatorID>
<ownerDesignName>let</ownerDesignName>
<engineerTo>
<item key="1E19976D-D41A-C8FC-0B1B-72ADD84607B9" value="true"/>
</engineerTo>
<referedAttribute>460B03C9-9A38-D4D4-94FA-38EF5BE392A9</referedAttribute>
<useDomainConstraints>false</useDomainConstraints>
<use>1</use>
<logicalDatatype>LOGDT011</logicalDatatype>
<ownDataTypeParameters>,,</ownDataTypeParameters>
</Attribute>
</attributes>
<identifiers itemClass="oracle.dbtools.crest.model.design.logical.CandidateKey">
<identifier id="8740F854-584C-E157-E2B8-8D5A99A90104" name="PRIRUCNA PK">
<createdBy>lesko</createdBy>
<createdTime>2020-04-01 11:15:02 UTC</createdTime>
<ownerDesignName>let</ownerDesignName>
<engineerTo>
<item key="1E19976D-D41A-C8FC-0B1B-72ADD84607B9" value="true"/>
</engineerTo>
<pk>true</pk>
<usedAttributes>
<attributeRef>E833D040-0CCB-23F2-35ED-E297EC22B090</attributeRef>
</usedAttributes>
</identifier>
</identifiers>
</Entity>