<?xml version = '1.0' encoding = 'UTF-8'?>
<Entity class="oracle.dbtools.crest.model.design.logical.Entity" directorySegmentName="seg_0" id="4301891B-55FA-182F-ABCF-A94CCD8465FD" name="TYP_LETENKA">
<createdBy>lesko</createdBy>
<createdTime>2020-03-31 20:38:14 UTC</createdTime>
<ownerDesignName>let</ownerDesignName>
<engineerTo>
<item key="1E19976D-D41A-C8FC-0B1B-72ADD84607B9" value="true"/>
</engineerTo>
<adequatelyNormalized>NO</adequatelyNormalized>
<expectedVolumes>0</expectedVolumes>
<fwdEngineeringStrategyName>Single Table</fwdEngineeringStrategyName>
<growthPercent>0</growthPercent>
<growthType>Year</growthType>
<maxVolumes>9999999</maxVolumes>
<minVolumes>0</minVolumes>
<normalForm>Third</normalForm>
<attributes itemClass="oracle.dbtools.crest.model.design.logical.Attribute">
<Attribute name="ID_typ" id="CA865044-5C2B-5290-7C40-3C4347ADF2BF">
<createdBy>lesko</createdBy>
<createdTime>2020-03-31 20:38:31 UTC</createdTime>
<ownerDesignName>let</ownerDesignName>
<engineerTo>
<item key="1E19976D-D41A-C8FC-0B1B-72ADD84607B9" value="true"/>
</engineerTo>
<useDomainConstraints>false</useDomainConstraints>
<use>1</use>
<logicalDatatype>LOGDT011</logicalDatatype>
<ownDataTypeParameters>,,</ownDataTypeParameters>
</Attribute>
<Attribute name="Nazov_letenka" id="34A7D284-23BA-2AF1-AE2C-3ECD00055318">
<createdBy>lesko</createdBy>
<createdTime>2020-03-31 20:42:11 UTC</createdTime>
<ownerDesignName>let</ownerDesignName>
<engineerTo>
<item key="1E19976D-D41A-C8FC-0B1B-72ADD84607B9" value="true"/>
</engineerTo>
<useDomainConstraints>false</useDomainConstraints>
<use>1</use>
<logicalDatatype>LOGDT024</logicalDatatype>
<dataTypeSize>20 CHAR</dataTypeSize>
<listOfValues>
<valueDef value="&apos;dieta&apos;" description=""/>
<valueDef value="&apos;dochodca&apos;" description=""/>
<valueDef value="&apos;dospely&apos;" description=""/>
<valueDef value="&apos;student&apos;" description=""/>
</listOfValues>
<ownDataTypeParameters>20 CHAR,,</ownDataTypeParameters>
</Attribute>
</attributes>
<identifiers itemClass="oracle.dbtools.crest.model.design.logical.CandidateKey">
<identifier id="D7C28005-ABDA-68F3-C58E-77A452477E6F" name="TYP_LETENKA PK">
<createdBy>lesko</createdBy>
<createdTime>2020-03-31 20:39:48 UTC</createdTime>
<ownerDesignName>let</ownerDesignName>
<engineerTo>
<item key="1E19976D-D41A-C8FC-0B1B-72ADD84607B9" value="true"/>
</engineerTo>
<pk>true</pk>
<usedAttributes>
<attributeRef>CA865044-5C2B-5290-7C40-3C4347ADF2BF</attributeRef>
</usedAttributes>
</identifier>
</identifiers>
</Entity>