<?xml version = '1.0' encoding = 'UTF-8'?>
<Entity class="oracle.dbtools.crest.model.design.logical.Entity" directorySegmentName="seg_0" id="6E2AC022-A990-571F-0EDB-6441E05A3542" name="BATOZINA">
<createdBy>lesko</createdBy>
<createdTime>2020-03-31 18:14:11 UTC</createdTime>
<ownerDesignName>let</ownerDesignName>
<engineerTo>
<item key="1E19976D-D41A-C8FC-0B1B-72ADD84607B9" value="true"/>
</engineerTo>
<adequatelyNormalized>NO</adequatelyNormalized>
<expectedVolumes>0</expectedVolumes>
<fwdEngineeringStrategyName>Single Table</fwdEngineeringStrategyName>
<growthPercent>0</growthPercent>
<growthType>Year</growthType>
<maxVolumes>9999999</maxVolumes>
<minVolumes>0</minVolumes>
<normalForm>Third</normalForm>
<attributes itemClass="oracle.dbtools.crest.model.design.logical.Attribute">
<Attribute name="ID_batozina" id="460B03C9-9A38-D4D4-94FA-38EF5BE392A9">
<createdBy>lesko</createdBy>
<createdTime>2020-04-01 11:14:28 UTC</createdTime>
<ownerDesignName>let</ownerDesignName>
<engineerTo>
<item key="1E19976D-D41A-C8FC-0B1B-72ADD84607B9" value="true"/>
</engineerTo>
<useDomainConstraints>false</useDomainConstraints>
<use>1</use>
<logicalDatatype>LOGDT011</logicalDatatype>
<ownDataTypeParameters>,,</ownDataTypeParameters>
</Attribute>
<Attribute name="ID_letenka" id="E978C374-2AA4-BF84-9259-919E31CE01AE">
<createdBy>lesko</createdBy>
<createdTime>2020-04-01 11:34:53 UTC</createdTime>
<generatorID>713BF0A0-D767-C867-0FAA-96028E2A9417</generatorID>
<ownerDesignName>let</ownerDesignName>
<engineerTo>
<item key="1E19976D-D41A-C8FC-0B1B-72ADD84607B9" value="true"/>
</engineerTo>
<referedAttribute>2F826D76-B355-3963-F944-514E25B982CB</referedAttribute>
<useDomainConstraints>false</useDomainConstraints>
<use>1</use>
<logicalDatatype>LOGDT011</logicalDatatype>
<ownDataTypeParameters>,,</ownDataTypeParameters>
</Attribute>
</attributes>
<identifiers itemClass="oracle.dbtools.crest.model.design.logical.CandidateKey">
<identifier id="D209859E-EE9E-D988-9423-3C2D92C5C7E6" name="BATOZINA PK">
<createdBy>lesko</createdBy>
<createdTime>2020-04-01 11:14:41 UTC</createdTime>
<ownerDesignName>let</ownerDesignName>
<engineerTo>
<item key="1E19976D-D41A-C8FC-0B1B-72ADD84607B9" value="true"/>
</engineerTo>
<pk>true</pk>
<usedAttributes>
<attributeRef>460B03C9-9A38-D4D4-94FA-38EF5BE392A9</attributeRef>
</usedAttributes>
</identifier>
</identifiers>
</Entity>