<?xml version = '1.0' encoding = 'UTF-8'?>
<Entity class="oracle.dbtools.crest.model.design.logical.Entity" directorySegmentName="seg_0" id="BB7803D9-0372-C3FF-EC02-B481A418F9CA" name="HODNOTENIE">
<createdBy>lesko</createdBy>
<createdTime>2020-03-31 22:48:48 UTC</createdTime>
<ownerDesignName>let</ownerDesignName>
<engineerTo>
<item key="1E19976D-D41A-C8FC-0B1B-72ADD84607B9" value="true"/>
</engineerTo>
<adequatelyNormalized>NO</adequatelyNormalized>
<expectedVolumes>0</expectedVolumes>
<fwdEngineeringStrategyName>Single Table</fwdEngineeringStrategyName>
<growthPercent>0</growthPercent>
<growthType>Year</growthType>
<maxVolumes>9999999</maxVolumes>
<minVolumes>0</minVolumes>
<normalForm>Third</normalForm>
<attributes itemClass="oracle.dbtools.crest.model.design.logical.Attribute">
<Attribute name="ID_hodnotenie" id="566A75A5-DEEF-9342-695A-443457426634">
<createdBy>lesko</createdBy>
<createdTime>2020-03-31 22:52:44 UTC</createdTime>
<ownerDesignName>let</ownerDesignName>
<engineerTo>
<item key="1E19976D-D41A-C8FC-0B1B-72ADD84607B9" value="true"/>
</engineerTo>
<useDomainConstraints>false</useDomainConstraints>
<use>1</use>
<logicalDatatype>LOGDT011</logicalDatatype>
<ownDataTypeParameters>,,</ownDataTypeParameters>
</Attribute>
<Attribute name="Vyska_hodnotenia" id="A1ADB0B8-58F3-1F79-68C5-7789F428C0F7">
<createdBy>lesko</createdBy>
<createdTime>2020-03-31 22:53:05 UTC</createdTime>
<ownerDesignName>let</ownerDesignName>
<engineerTo>
<item key="1E19976D-D41A-C8FC-0B1B-72ADD84607B9" value="true"/>
</engineerTo>
<useDomainConstraints>false</useDomainConstraints>
<use>1</use>
<logicalDatatype>LOGDT011</logicalDatatype>
<ownDataTypeParameters>,,</ownDataTypeParameters>
<listOfRanges>
<rangeDef class="oracle.dbtools.crest.model.design.constraint.AVT">
<beginValue>1</beginValue>
<endValue>10</endValue>
</rangeDef>
</listOfRanges>
</Attribute>
<Attribute name="ID_zakaznik" id="7D3D2B9A-461C-6958-89D7-2D9D8A263D03">
<createdBy>lesko</createdBy>
<createdTime>2020-05-12 19:24:44 UTC</createdTime>
<generatorID>360B9036-DC43-7D40-487A-0AEBE8191F24</generatorID>
<ownerDesignName>let</ownerDesignName>
<engineerTo>
<item key="1E19976D-D41A-C8FC-0B1B-72ADD84607B9" value="true"/>
</engineerTo>
<nullsAllowed>true</nullsAllowed>
<referedAttribute>D07F3D46-6184-5A14-CBD6-0937CD43A77D</referedAttribute>
<useDomainConstraints>false</useDomainConstraints>
<use>1</use>
<logicalDatatype>LOGDT011</logicalDatatype>
<ownDataTypeParameters>,,</ownDataTypeParameters>
</Attribute>
</attributes>
<identifiers itemClass="oracle.dbtools.crest.model.design.logical.CandidateKey">
<identifier id="2067E78C-B7CA-4556-414F-1C23C64B9EF9" name="HODNOTENIE PK">
<createdBy>lesko</createdBy>
<createdTime>2020-03-31 22:53:03 UTC</createdTime>
<ownerDesignName>let</ownerDesignName>
<engineerTo>
<item key="1E19976D-D41A-C8FC-0B1B-72ADD84607B9" value="true"/>
</engineerTo>
<pk>true</pk>
<usedAttributes>
<attributeRef>566A75A5-DEEF-9342-695A-443457426634</attributeRef>
</usedAttributes>
</identifier>
</identifiers>
</Entity>