<?xml version = '1.0' encoding = 'UTF-8'?>
<Entity class="oracle.dbtools.crest.model.design.logical.Entity" directorySegmentName="seg_0" id="C1C33D02-6248-2D8D-C877-612E98391305" name="LET">
<createdBy>lesko</createdBy>
<createdTime>2020-03-31 20:02:11 UTC</createdTime>
<ownerDesignName>let</ownerDesignName>
<engineerTo>
<item key="1E19976D-D41A-C8FC-0B1B-72ADD84607B9" value="true"/>
</engineerTo>
<adequatelyNormalized>NO</adequatelyNormalized>
<expectedVolumes>0</expectedVolumes>
<fwdEngineeringStrategyName>Single Table</fwdEngineeringStrategyName>
<growthPercent>0</growthPercent>
<growthType>Year</growthType>
<maxVolumes>9999999</maxVolumes>
<minVolumes>0</minVolumes>
<normalForm>Third</normalForm>
<attributes itemClass="oracle.dbtools.crest.model.design.logical.Attribute">
<Attribute name="ID_let" id="FBCD6338-431D-F1B5-D5B5-D56A98ADBD5B">
<createdBy>lesko</createdBy>
<createdTime>2020-03-31 23:09:18 UTC</createdTime>
<ownerDesignName>let</ownerDesignName>
<engineerTo>
<item key="1E19976D-D41A-C8FC-0B1B-72ADD84607B9" value="true"/>
</engineerTo>
<useDomainConstraints>false</useDomainConstraints>
<use>1</use>
<logicalDatatype>LOGDT011</logicalDatatype>
<ownDataTypeParameters>,,</ownDataTypeParameters>
</Attribute>
<Attribute name="Typ_let" id="8FBFDB66-9267-847F-B85B-3BC21FE379AB">
<createdBy>lesko</createdBy>
<createdTime>2020-03-31 23:10:00 UTC</createdTime>
<ownerDesignName>let</ownerDesignName>
<engineerTo>
<item key="1E19976D-D41A-C8FC-0B1B-72ADD84607B9" value="true"/>
</engineerTo>
<useDomainConstraints>false</useDomainConstraints>
<use>1</use>
<logicalDatatype>LOGDT024</logicalDatatype>
<dataTypeSize>15 CHAR</dataTypeSize>
<listOfValues>
<valueDef value="medzistatny" description=""/>
<valueDef value="transkontinentalny" description=""/>
<valueDef value="vnutrozemny" description=""/>
</listOfValues>
<ownDataTypeParameters>15 CHAR,,</ownDataTypeParameters>
</Attribute>
<Attribute name="Prestupnost" id="E016680C-4384-03F4-0160-552CA38FDE3B">
<createdBy>lesko</createdBy>
<createdTime>2020-04-01 12:49:15 UTC</createdTime>
<ownerDesignName>let</ownerDesignName>
<engineerTo>
<item key="1E19976D-D41A-C8FC-0B1B-72ADD84607B9" value="true"/>
</engineerTo>
<useDomainConstraints>false</useDomainConstraints>
<use>1</use>
<logicalDatatype>LOGDT024</logicalDatatype>
<dataTypeSize>10 CHAR</dataTypeSize>
<ownDataTypeParameters>10 CHAR,,</ownDataTypeParameters>
</Attribute>
</attributes>
<identifiers itemClass="oracle.dbtools.crest.model.design.logical.CandidateKey">
<identifier id="8D14D40A-F64E-3572-1589-A4405EAF2661" name="LET PK">
<createdBy>lesko</createdBy>
<createdTime>2020-03-31 23:09:40 UTC</createdTime>
<ownerDesignName>let</ownerDesignName>
<engineerTo>
<item key="1E19976D-D41A-C8FC-0B1B-72ADD84607B9" value="true"/>
</engineerTo>
<pk>true</pk>
<usedAttributes>
<attributeRef>FBCD6338-431D-F1B5-D5B5-D56A98ADBD5B</attributeRef>
</usedAttributes>
</identifier>
</identifiers>
</Entity>