<?xml version = '1.0' encoding = 'UTF-8'?>
<Entity class="oracle.dbtools.crest.model.design.logical.Entity" directorySegmentName="seg_0" id="FD6E5ECC-F9A9-8730-7647-BFBC867DF011" name="TAZKA_BATOZINA">
<createdBy>lesko</createdBy>
<createdTime>2020-03-31 22:42:49 UTC</createdTime>
<ownerDesignName>let</ownerDesignName>
<engineerTo>
<item key="1E19976D-D41A-C8FC-0B1B-72ADD84607B9" value="true"/>
</engineerTo>
<adequatelyNormalized>NO</adequatelyNormalized>
<expectedVolumes>0</expectedVolumes>
<fwdEngineeringStrategyName>Single Table</fwdEngineeringStrategyName>
<growthPercent>0</growthPercent>
<growthType>Year</growthType>
<maxVolumes>9999999</maxVolumes>
<minVolumes>0</minVolumes>
<normalForm>Third</normalForm>
<attributes itemClass="oracle.dbtools.crest.model.design.logical.Attribute">
<Attribute name="Vaha_tazka" id="C212F454-E54A-1A64-8D11-855CE4484B43">
<createdBy>lesko</createdBy>
<createdTime>2020-04-01 11:14:02 UTC</createdTime>
<ownerDesignName>let</ownerDesignName>
<engineerTo>
<item key="1E19976D-D41A-C8FC-0B1B-72ADD84607B9" value="true"/>
</engineerTo>
<useDomainConstraints>false</useDomainConstraints>
<use>1</use>
<logicalDatatype>LOGDT011</logicalDatatype>
<ownDataTypeParameters>,,</ownDataTypeParameters>
<listOfRanges>
<rangeDef class="oracle.dbtools.crest.model.design.constraint.AVT">
<beginValue>0</beginValue>
<endValue>27</endValue>
</rangeDef>
</listOfRanges>
</Attribute>
<Attribute name="ID_batozina" id="8F34AFB6-3256-144F-FE12-D538FE95393E">
<createdBy>lesko</createdBy>
<createdTime>2020-04-01 11:14:42 UTC</createdTime>
<generatorID>41007AC9-F93C-CCC0-6D46-9A7DB53C909E</generatorID>
<ownerDesignName>let</ownerDesignName>
<engineerTo>
<item key="1E19976D-D41A-C8FC-0B1B-72ADD84607B9" value="true"/>
</engineerTo>
<referedAttribute>460B03C9-9A38-D4D4-94FA-38EF5BE392A9</referedAttribute>
<useDomainConstraints>false</useDomainConstraints>
<use>1</use>
<logicalDatatype>LOGDT011</logicalDatatype>
<ownDataTypeParameters>,,</ownDataTypeParameters>
</Attribute>
</attributes>
<identifiers itemClass="oracle.dbtools.crest.model.design.logical.CandidateKey">
<identifier id="2ACEC9F9-EA65-36B5-9008-6E4CC4B2BBB6" name="TAZKA_BATOZINA PK">
<createdBy>lesko</createdBy>
<createdTime>2020-04-01 11:15:10 UTC</createdTime>
<ownerDesignName>let</ownerDesignName>
<engineerTo>
<item key="1E19976D-D41A-C8FC-0B1B-72ADD84607B9" value="true"/>
</engineerTo>
<pk>true</pk>
<usedAttributes>
<attributeRef>8F34AFB6-3256-144F-FE12-D538FE95393E</attributeRef>
</usedAttributes>
</identifier>
</identifiers>
</Entity>