<?xml version = '1.0' encoding = 'UTF-8'?>
<Table class="oracle.dbtools.crest.model.design.relational.Table" directorySegmentName="seg_0" id="37E7AE0B-4ABC-2FE4-87B6-AF2338FCE1A1" name="LETENKA">
<createdBy>lesko</createdBy>
<createdTime>2020-05-12 21:59:56 UTC</createdTime>
<generatorID>0B759F23-473A-FFF8-B0AE-2C69B93E0B41</generatorID>
<ownerDesignName>let</ownerDesignName>
<allowColumnReorder>false</allowColumnReorder>
<existDependencyGenerateInDDl>true</existDependencyGenerateInDDl>
<parsed>true</parsed>
<columns itemClass="oracle.dbtools.crest.model.design.relational.Column">
<Column name="ID_letenka" id="46D33B2B-5FD4-9F04-C896-D3AE5A0E35CE">
<createdBy>lesko</createdBy>
<createdTime>2020-05-12 21:59:56 UTC</createdTime>
<generatorID>2F826D76-B355-3963-F944-514E25B982CB</generatorID>
<ownerDesignName>let</ownerDesignName>
<useDomainConstraints>false</useDomainConstraints>
<use>1</use>
<logicalDatatype>LOGDT011</logicalDatatype>
<ownDataTypeParameters>,,</ownDataTypeParameters>
<autoIncrementCycle>false</autoIncrementCycle>
</Column>
<Column name="Datum_odletu" id="387DDA01-13B9-3331-ACF7-16FA0F7BEE29">
<createdBy>lesko</createdBy>
<createdTime>2020-05-12 21:59:56 UTC</createdTime>
<generatorID>83F0529E-022E-3351-2691-F2BFEA3473C1</generatorID>
<ownerDesignName>let</ownerDesignName>
<useDomainConstraints>false</useDomainConstraints>
<use>1</use>
<logicalDatatype>LOGDT007</logicalDatatype>
<ownDataTypeParameters>,,</ownDataTypeParameters>
<autoIncrementCycle>false</autoIncrementCycle>
</Column>
<Column name="Datum_priletu" id="689DF777-3C45-9ECA-B9AF-99FE59CFFDA3">
<createdBy>lesko</createdBy>
<createdTime>2020-05-12 21:59:56 UTC</createdTime>
<generatorID>B9486C36-C405-5C58-6FA9-82BBFD06DACD</generatorID>
<ownerDesignName>let</ownerDesignName>
<nullsAllowed>true</nullsAllowed>
<useDomainConstraints>false</useDomainConstraints>
<use>1</use>
<logicalDatatype>LOGDT007</logicalDatatype>
<ownDataTypeParameters>,,</ownDataTypeParameters>
<autoIncrementCycle>false</autoIncrementCycle>
</Column>
<Column name="ID_typ" id="24B8A63B-7620-60D8-E402-EBB86EDFD574">
<createdBy>lesko</createdBy>
<createdTime>2020-05-12 21:59:56 UTC</createdTime>
<generatorID>E8A67657-B0FA-B08B-A921-5ACDE554BDB8</generatorID>
<ownerDesignName>let</ownerDesignName>
<useDomainConstraints>false</useDomainConstraints>
<use>1</use>
<logicalDatatype>LOGDT011</logicalDatatype>
<ownDataTypeParameters>,,</ownDataTypeParameters>
<previousColumn>false</previousColumn>
<autoIncrementCycle>false</autoIncrementCycle>
<associations>
<colAssociation fkAssociation="9972FE6C-14DB-626E-19B9-68E3659FD8BE" referredColumn="960618EC-CBE6-A4AA-EDB5-E027E3DC3737"/>
</associations>
</Column>
<Column name="Cena" id="535CF508-46D1-4524-2079-7B65EBE47FE4">
<createdBy>lesko</createdBy>
<createdTime>2020-05-12 21:59:56 UTC</createdTime>
<generatorID>240C0549-6BBE-255E-73E5-716FF9DAFF9B</generatorID>
<ownerDesignName>let</ownerDesignName>
<useDomainConstraints>false</useDomainConstraints>
<use>1</use>
<logicalDatatype>LOGDT019</logicalDatatype>
<dataTypePrecision>6</dataTypePrecision>
<dataTypeScale>2</dataTypeScale>
<ownDataTypeParameters>,6,2</ownDataTypeParameters>
<autoIncrementCycle>false</autoIncrementCycle>
</Column>
<Column name="ID_let" id="7D6DBC7A-48C5-CA23-6D26-524488D33719">
<createdBy>lesko</createdBy>
<createdTime>2020-05-12 21:59:56 UTC</createdTime>
<generatorID>BD2628A8-AC65-1E29-B87C-1BAC55991ED2</generatorID>
<ownerDesignName>let</ownerDesignName>
<useDomainConstraints>false</useDomainConstraints>
<use>1</use>
<logicalDatatype>LOGDT011</logicalDatatype>
<ownDataTypeParameters>,,</ownDataTypeParameters>
<previousColumn>false</previousColumn>
<autoIncrementCycle>false</autoIncrementCycle>
<associations>
<colAssociation fkAssociation="3FF959DC-67F3-83B3-2F07-455533F7EE93" referredColumn="2921E846-E9A3-5832-9989-C68CA17B5145"/>
</associations>
</Column>
<Column name="Sedadlo" id="E92246F0-DAC9-174E-93ED-64597C259A57">
<createdBy>lesko</createdBy>
<createdTime>2020-05-12 21:59:56 UTC</createdTime>
<generatorID>6604BAF4-5633-1CF6-D2E3-CDF3F2143343</generatorID>
<ownerDesignName>let</ownerDesignName>
<useDomainConstraints>false</useDomainConstraints>
<use>1</use>
<logicalDatatype>LOGDT011</logicalDatatype>
<ownDataTypeParameters>,,</ownDataTypeParameters>
<autoIncrementCycle>false</autoIncrementCycle>
</Column>
<Column name="Rada" id="E1FB5DC6-4326-5289-6D7B-116B924C07C8">
<createdBy>lesko</createdBy>
<createdTime>2020-05-12 21:59:56 UTC</createdTime>
<generatorID>2067F417-3325-8CEC-EB56-7A8564F21895</generatorID>
<ownerDesignName>let</ownerDesignName>
<useDomainConstraints>false</useDomainConstraints>
<use>1</use>
<logicalDatatype>LOGDT011</logicalDatatype>
<ownDataTypeParameters>,,</ownDataTypeParameters>
<autoIncrementCycle>false</autoIncrementCycle>
</Column>
<Column name="ID_zakaznik" id="0994C0B3-CCC6-F3B5-A0FB-0BB427E889D6">
<createdBy>lesko</createdBy>
<createdTime>2020-05-12 21:59:56 UTC</createdTime>
<generatorID>5F73622C-9625-EBDD-AE75-33715931043C</generatorID>
<ownerDesignName>let</ownerDesignName>
<useDomainConstraints>false</useDomainConstraints>
<use>1</use>
<logicalDatatype>LOGDT011</logicalDatatype>
<ownDataTypeParameters>,,</ownDataTypeParameters>
<previousColumn>false</previousColumn>
<autoIncrementCycle>false</autoIncrementCycle>
<associations>
<colAssociation fkAssociation="20AEC292-6479-D88C-9369-50916CFCFA49" referredColumn="082A5A52-D46E-5F78-6D8B-E51370D768FB"/>
</associations>
</Column>
</columns>
<indexes itemClass="oracle.dbtools.crest.model.design.relational.Index">
<ind_PK_UK id="331A83ED-5390-5996-8C6B-4B0F0B977B6F" name="PK_LETENKA">
<createdBy>lesko</createdBy>
<createdTime>2020-05-12 21:59:56 UTC</createdTime>
<generatorID>ABF338CB-0BB4-6D36-040E-C3C13F5D5603</generatorID>
<ownerDesignName>let</ownerDesignName>
<pk>true</pk>
<indexState>Primary Constraint</indexState>
<isSurrogateKey>false</isSurrogateKey>
<indexColumnUsage>
<colUsage columnID="46D33B2B-5FD4-9F04-C896-D3AE5A0E35CE"/>
</indexColumnUsage>
</ind_PK_UK>
<ind_PK_UK id="0953A98F-C98E-C681-2B03-CA7A4D40A0B1" name="FK_LETENKA_ZAKAZNIK">
<createdBy>lesko</createdBy>
<createdTime>2020-05-12 21:59:56 UTC</createdTime>
<generatorID>F7BBC5DD-8094-623E-E453-3107F890BAC3</generatorID>
<ownerDesignName>let</ownerDesignName>
<indexState>Foreign Key</indexState>
<isSurrogateKey>false</isSurrogateKey>
<indexColumnUsage>
<colUsage columnID="0994C0B3-CCC6-F3B5-A0FB-0BB427E889D6"/>
</indexColumnUsage>
</ind_PK_UK>
<ind_PK_UK id="38AE7AD7-BE7E-8079-E370-A0C16D373E27" name="FK_LETENKA_LET">
<createdBy>lesko</createdBy>
<createdTime>2020-05-12 21:59:56 UTC</createdTime>
<generatorID>5A28B227-03D7-2B58-0996-EDEF2C11705F</generatorID>
<ownerDesignName>let</ownerDesignName>
<indexState>Foreign Key</indexState>
<isSurrogateKey>false</isSurrogateKey>
<indexColumnUsage>
<colUsage columnID="7D6DBC7A-48C5-CA23-6D26-524488D33719"/>
</indexColumnUsage>
</ind_PK_UK>
<ind_PK_UK id="0C0D0D85-E90B-CB34-9060-B94B0CE3BD5D" name="FK_LETENKA_TYP_LETENKA">
<createdBy>lesko</createdBy>
<createdTime>2020-05-12 21:59:56 UTC</createdTime>
<generatorID>8DA8E34F-5455-9E8D-3454-D3C7BDAB730B</generatorID>
<ownerDesignName>let</ownerDesignName>
<indexState>Foreign Key</indexState>
<isSurrogateKey>false</isSurrogateKey>
<indexColumnUsage>
<colUsage columnID="24B8A63B-7620-60D8-E402-EBB86EDFD574"/>
</indexColumnUsage>
</ind_PK_UK>
</indexes>
</Table>