<?xml version = '1.0' encoding = 'UTF-8'?>
<Table class="oracle.dbtools.crest.model.design.relational.Table" directorySegmentName="seg_0" id="6F33A94B-75DC-6CC1-E9A3-4ACF8F108E85" name="LET">
<createdBy>lesko</createdBy>
<createdTime>2020-05-12 21:59:56 UTC</createdTime>
<generatorID>C1C33D02-6248-2D8D-C877-612E98391305</generatorID>
<ownerDesignName>let</ownerDesignName>
<allowColumnReorder>false</allowColumnReorder>
<existDependencyGenerateInDDl>true</existDependencyGenerateInDDl>
<parsed>true</parsed>
<columns itemClass="oracle.dbtools.crest.model.design.relational.Column">
<Column name="ID_let" id="2921E846-E9A3-5832-9989-C68CA17B5145">
<createdBy>lesko</createdBy>
<createdTime>2020-05-12 21:59:56 UTC</createdTime>
<generatorID>FBCD6338-431D-F1B5-D5B5-D56A98ADBD5B</generatorID>
<ownerDesignName>let</ownerDesignName>
<useDomainConstraints>false</useDomainConstraints>
<use>1</use>
<logicalDatatype>LOGDT011</logicalDatatype>
<ownDataTypeParameters>,,</ownDataTypeParameters>
<autoIncrementCycle>false</autoIncrementCycle>
</Column>
<Column name="Typ_let" id="853BC440-DBED-3E25-D748-02515A603A6D">
<createdBy>lesko</createdBy>
<createdTime>2020-05-12 21:59:56 UTC</createdTime>
<generatorID>8FBFDB66-9267-847F-B85B-3BC21FE379AB</generatorID>
<ownerDesignName>let</ownerDesignName>
<useDomainConstraints>false</useDomainConstraints>
<use>1</use>
<logicalDatatype>LOGDT024</logicalDatatype>
<dataTypeSize>20 CHAR</dataTypeSize>
<listOfValues>
<valueDef value="medzistatny" description=""/>
<valueDef value="transkontinentalny" description=""/>
<valueDef value="vnutrozemny" description=""/>
</listOfValues>
<ownDataTypeParameters>20 CHAR,,</ownDataTypeParameters>
<autoIncrementCycle>false</autoIncrementCycle>
</Column>
<Column name="Prestupnost" id="7422897C-C17D-C392-8DF2-608FDBD280D6">
<createdBy>lesko</createdBy>
<createdTime>2020-05-12 21:59:56 UTC</createdTime>
<generatorID>E016680C-4384-03F4-0160-552CA38FDE3B</generatorID>
<ownerDesignName>let</ownerDesignName>
<useDomainConstraints>false</useDomainConstraints>
<use>1</use>
<logicalDatatype>LOGDT024</logicalDatatype>
<dataTypeSize>20 CHAR</dataTypeSize>
<ownDataTypeParameters>20 CHAR,,</ownDataTypeParameters>
<autoIncrementCycle>false</autoIncrementCycle>
</Column>
</columns>
<indexes itemClass="oracle.dbtools.crest.model.design.relational.Index">
<ind_PK_UK id="326A5584-1ECB-CBA9-AED0-F16320768F79" name="PK_LET">
<createdBy>lesko</createdBy>
<createdTime>2020-05-12 21:59:56 UTC</createdTime>
<generatorID>8D14D40A-F64E-3572-1589-A4405EAF2661</generatorID>
<ownerDesignName>let</ownerDesignName>
<pk>true</pk>
<indexState>Primary Constraint</indexState>
<isSurrogateKey>false</isSurrogateKey>
<indexColumnUsage>
<colUsage columnID="2921E846-E9A3-5832-9989-C68CA17B5145"/>
</indexColumnUsage>
</ind_PK_UK>
</indexes>
</Table>