<?xml version = '1.0' encoding = 'UTF-8'?>
<Table class="oracle.dbtools.crest.model.design.relational.Table" directorySegmentName="seg_0" id="828092F8-0C98-79A2-A18D-9A6B925DABDE" name="PRIRUCNA">
<createdBy>lesko</createdBy>
<createdTime>2020-05-12 21:59:56 UTC</createdTime>
<generatorID>14D0E2C8-9B07-0BE5-4479-CCE82363E3BC</generatorID>
<ownerDesignName>let</ownerDesignName>
<allowColumnReorder>false</allowColumnReorder>
<existDependencyGenerateInDDl>true</existDependencyGenerateInDDl>
<parsed>true</parsed>
<columns itemClass="oracle.dbtools.crest.model.design.relational.Column">
<Column name="Vyska_prirucna" id="ECF5187B-861C-47E6-6715-E1E7EE19A5FB">
<createdBy>lesko</createdBy>
<createdTime>2020-05-12 21:59:56 UTC</createdTime>
<generatorID>2F4D296C-8EE6-241B-1898-EE0AA8623497</generatorID>
<ownerDesignName>let</ownerDesignName>
<useDomainConstraints>false</useDomainConstraints>
<use>1</use>
<logicalDatatype>LOGDT011</logicalDatatype>
<ownDataTypeParameters>,,</ownDataTypeParameters>
<autoIncrementCycle>false</autoIncrementCycle>
<listOfRanges>
<rangeDef class="oracle.dbtools.crest.model.design.constraint.AVT">
<beginValue>0</beginValue>
<endValue>50</endValue>
</rangeDef>
</listOfRanges>
</Column>
<Column name="Sirka_prirucna" id="715CB97D-F6FD-0062-67FA-A634C2DD63A2">
<createdBy>lesko</createdBy>
<createdTime>2020-05-12 21:59:56 UTC</createdTime>
<generatorID>05D9B75E-5078-A9B9-7C33-6F1081CCBE70</generatorID>
<ownerDesignName>let</ownerDesignName>
<useDomainConstraints>false</useDomainConstraints>
<use>1</use>
<logicalDatatype>LOGDT011</logicalDatatype>
<ownDataTypeParameters>,,</ownDataTypeParameters>
<autoIncrementCycle>false</autoIncrementCycle>
<listOfRanges>
<rangeDef class="oracle.dbtools.crest.model.design.constraint.AVT">
<beginValue>0</beginValue>
<endValue>45</endValue>
</rangeDef>
</listOfRanges>
</Column>
<Column name="Vaha_prirucna" id="6C2AA2A6-A6D8-4BEA-492D-BF55CE3B351A">
<createdBy>lesko</createdBy>
<createdTime>2020-05-12 21:59:56 UTC</createdTime>
<generatorID>A2927FD8-DD85-73F7-AE3B-01E4E7F83078</generatorID>
<ownerDesignName>let</ownerDesignName>
<useDomainConstraints>false</useDomainConstraints>
<use>1</use>
<logicalDatatype>LOGDT011</logicalDatatype>
<ownDataTypeParameters>,,</ownDataTypeParameters>
<autoIncrementCycle>false</autoIncrementCycle>
<listOfRanges>
<rangeDef class="oracle.dbtools.crest.model.design.constraint.AVT">
<beginValue>0</beginValue>
<endValue>8</endValue>
</rangeDef>
</listOfRanges>
</Column>
<Column name="ID_batozina" id="3DA06587-16B4-7CD1-DDE3-D6F2BCF14744">
<createdBy>lesko</createdBy>
<createdTime>2020-05-12 21:59:56 UTC</createdTime>
<generatorID>E833D040-0CCB-23F2-35ED-E297EC22B090</generatorID>
<ownerDesignName>let</ownerDesignName>
<useDomainConstraints>false</useDomainConstraints>
<use>1</use>
<logicalDatatype>LOGDT011</logicalDatatype>
<ownDataTypeParameters>,,</ownDataTypeParameters>
<previousColumn>false</previousColumn>
<autoIncrementCycle>false</autoIncrementCycle>
<associations>
<colAssociation fkAssociation="8A0F3C78-1A69-864A-35E0-9B6991A9C695" referredColumn="4ABE1B8E-1B7F-78A0-7BD3-16FA516EC224"/>
</associations>
</Column>
</columns>
<indexes itemClass="oracle.dbtools.crest.model.design.relational.Index">
<ind_PK_UK id="41CC93E9-47F0-6CB8-AE87-B41A05FE005F" name="PK_PRIRUCNA">
<createdBy>lesko</createdBy>
<createdTime>2020-05-12 21:59:56 UTC</createdTime>
<generatorID>8740F854-584C-E157-E2B8-8D5A99A90104</generatorID>
<ownerDesignName>let</ownerDesignName>
<pk>true</pk>
<indexState>Primary Constraint</indexState>
<isSurrogateKey>false</isSurrogateKey>
<indexColumnUsage>
<colUsage columnID="3DA06587-16B4-7CD1-DDE3-D6F2BCF14744"/>
</indexColumnUsage>
</ind_PK_UK>
<ind_PK_UK id="C332A601-FF4D-F807-A472-69A2C8BB6153" name="FK_PRIRUCNA_BATOZINA">
<createdBy>lesko</createdBy>
<createdTime>2020-05-12 21:59:56 UTC</createdTime>
<generatorID>C2B4E984-DFE0-78FB-6E41-F477BF3CBBD3</generatorID>
<ownerDesignName>let</ownerDesignName>
<indexState>Foreign Key</indexState>
<isSurrogateKey>false</isSurrogateKey>
<indexColumnUsage>
<colUsage columnID="3DA06587-16B4-7CD1-DDE3-D6F2BCF14744"/>
</indexColumnUsage>
</ind_PK_UK>
</indexes>
</Table>