<?xml version = '1.0' encoding = 'UTF-8'?>
<Table class="oracle.dbtools.crest.model.design.relational.Table" directorySegmentName="seg_0" id="98C52FFF-846B-C559-80F6-2CA481072DDC" name="BATOZINA">
<createdBy>lesko</createdBy>
<createdTime>2020-05-12 21:59:56 UTC</createdTime>
<generatorID>6E2AC022-A990-571F-0EDB-6441E05A3542</generatorID>
<ownerDesignName>let</ownerDesignName>
<allowColumnReorder>false</allowColumnReorder>
<existDependencyGenerateInDDl>true</existDependencyGenerateInDDl>
<parsed>true</parsed>
<columns itemClass="oracle.dbtools.crest.model.design.relational.Column">
<Column name="ID_batozina" id="4ABE1B8E-1B7F-78A0-7BD3-16FA516EC224">
<createdBy>lesko</createdBy>
<createdTime>2020-05-12 21:59:56 UTC</createdTime>
<generatorID>460B03C9-9A38-D4D4-94FA-38EF5BE392A9</generatorID>
<ownerDesignName>let</ownerDesignName>
<useDomainConstraints>false</useDomainConstraints>
<use>1</use>
<logicalDatatype>LOGDT011</logicalDatatype>
<ownDataTypeParameters>,,</ownDataTypeParameters>
<autoIncrementCycle>false</autoIncrementCycle>
</Column>
<Column name="ID_letenka" id="0502EAEA-F06A-C9AF-784F-053FC459D56A">
<createdBy>lesko</createdBy>
<createdTime>2020-05-12 21:59:56 UTC</createdTime>
<generatorID>E978C374-2AA4-BF84-9259-919E31CE01AE</generatorID>
<ownerDesignName>let</ownerDesignName>
<useDomainConstraints>false</useDomainConstraints>
<use>1</use>
<logicalDatatype>LOGDT011</logicalDatatype>
<ownDataTypeParameters>,,</ownDataTypeParameters>
<previousColumn>false</previousColumn>
<autoIncrementCycle>false</autoIncrementCycle>
<associations>
<colAssociation fkAssociation="46B9DA8D-372D-B45C-D745-FCAAB0B46FF7" referredColumn="46D33B2B-5FD4-9F04-C896-D3AE5A0E35CE"/>
</associations>
</Column>
<Column name="Batozina_typ" id="32519F43-C643-C4BC-9ED3-F15515BA37B5">
<createdBy>lesko</createdBy>
<createdTime>2020-05-12 22:00:26 UTC</createdTime>
<ownerDesignName>let</ownerDesignName>
<useDomainConstraints>false</useDomainConstraints>
<use>1</use>
<logicalDatatype>LOGDT024</logicalDatatype>
<dataTypeSize>15 CHAR</dataTypeSize>
<ownDataTypeParameters>15 CHAR,,</ownDataTypeParameters>
<autoIncrementCycle>false</autoIncrementCycle>
</Column>
</columns>
<indexes itemClass="oracle.dbtools.crest.model.design.relational.Index">
<ind_PK_UK id="5CD0675E-3521-E17F-8F87-3BC9A7E3C28E" name="PK_BATOZINA">
<createdBy>lesko</createdBy>
<createdTime>2020-05-12 21:59:56 UTC</createdTime>
<generatorID>D209859E-EE9E-D988-9423-3C2D92C5C7E6</generatorID>
<ownerDesignName>let</ownerDesignName>
<pk>true</pk>
<indexState>Primary Constraint</indexState>
<isSurrogateKey>false</isSurrogateKey>
<indexColumnUsage>
<colUsage columnID="4ABE1B8E-1B7F-78A0-7BD3-16FA516EC224"/>
</indexColumnUsage>
</ind_PK_UK>
<ind_PK_UK id="3566DACC-D5BA-2A30-0CB5-3726602AF8CF" name="FK_BATOZINA_LETENKA">
<createdBy>lesko</createdBy>
<createdTime>2020-05-12 21:59:56 UTC</createdTime>
<generatorID>713BF0A0-D767-C867-0FAA-96028E2A9417</generatorID>
<ownerDesignName>let</ownerDesignName>
<indexState>Foreign Key</indexState>
<isSurrogateKey>false</isSurrogateKey>
<indexColumnUsage>
<colUsage columnID="0502EAEA-F06A-C9AF-784F-053FC459D56A"/>
</indexColumnUsage>
</ind_PK_UK>
</indexes>
</Table>