<?xml version = '1.0' encoding = 'UTF-8'?>
<Table class="oracle.dbtools.crest.model.design.relational.Table" directorySegmentName="seg_0" id="B1BE16CF-A2D9-AFFD-85F2-5FBDF3C2A87D" name="HODNOTENIE">
<createdBy>lesko</createdBy>
<createdTime>2020-05-12 21:59:56 UTC</createdTime>
<generatorID>BB7803D9-0372-C3FF-EC02-B481A418F9CA</generatorID>
<ownerDesignName>let</ownerDesignName>
<allowColumnReorder>false</allowColumnReorder>
<existDependencyGenerateInDDl>true</existDependencyGenerateInDDl>
<parsed>true</parsed>
<columns itemClass="oracle.dbtools.crest.model.design.relational.Column">
<Column name="ID_hodnotenie" id="82AB0CAE-724B-003E-9D36-C63B77E5A873">
<createdBy>lesko</createdBy>
<createdTime>2020-05-12 21:59:56 UTC</createdTime>
<generatorID>566A75A5-DEEF-9342-695A-443457426634</generatorID>
<ownerDesignName>let</ownerDesignName>
<useDomainConstraints>false</useDomainConstraints>
<use>1</use>
<logicalDatatype>LOGDT011</logicalDatatype>
<ownDataTypeParameters>,,</ownDataTypeParameters>
<autoIncrementCycle>false</autoIncrementCycle>
</Column>
<Column name="Vyska_hodnotenia" id="15E1023D-CF4B-9AC5-C11E-5E9F705E40AA">
<createdBy>lesko</createdBy>
<createdTime>2020-05-12 21:59:56 UTC</createdTime>
<generatorID>A1ADB0B8-58F3-1F79-68C5-7789F428C0F7</generatorID>
<ownerDesignName>let</ownerDesignName>
<useDomainConstraints>false</useDomainConstraints>
<use>1</use>
<logicalDatatype>LOGDT011</logicalDatatype>
<ownDataTypeParameters>,,</ownDataTypeParameters>
<autoIncrementCycle>false</autoIncrementCycle>
<listOfRanges>
<rangeDef class="oracle.dbtools.crest.model.design.constraint.AVT">
<beginValue>1</beginValue>
<endValue>10</endValue>
</rangeDef>
</listOfRanges>
</Column>
<Column name="ID_zakaznik" id="A56D2B90-5E7A-1E06-A887-621627666709">
<createdBy>lesko</createdBy>
<createdTime>2020-05-12 21:59:56 UTC</createdTime>
<generatorID>7D3D2B9A-461C-6958-89D7-2D9D8A263D03</generatorID>
<ownerDesignName>let</ownerDesignName>
<nullsAllowed>true</nullsAllowed>
<useDomainConstraints>false</useDomainConstraints>
<use>1</use>
<logicalDatatype>LOGDT011</logicalDatatype>
<ownDataTypeParameters>,,</ownDataTypeParameters>
<previousColumn>false</previousColumn>
<autoIncrementCycle>false</autoIncrementCycle>
<associations>
<colAssociation fkAssociation="8A2210F5-DC41-E463-6E8D-45BAD286556E" referredColumn="082A5A52-D46E-5F78-6D8B-E51370D768FB"/>
</associations>
</Column>
</columns>
<indexes itemClass="oracle.dbtools.crest.model.design.relational.Index">
<ind_PK_UK id="41B0DFD4-BAE8-EAD8-D476-1280FA7233F5" name="PK_HODNOTENIE">
<createdBy>lesko</createdBy>
<createdTime>2020-05-12 21:59:56 UTC</createdTime>
<generatorID>2067E78C-B7CA-4556-414F-1C23C64B9EF9</generatorID>
<ownerDesignName>let</ownerDesignName>
<pk>true</pk>
<indexState>Primary Constraint</indexState>
<isSurrogateKey>false</isSurrogateKey>
<indexColumnUsage>
<colUsage columnID="82AB0CAE-724B-003E-9D36-C63B77E5A873"/>
</indexColumnUsage>
</ind_PK_UK>
<ind_PK_UK id="4E898412-EF1B-82B4-702F-E2C077213E14" name="FK_HODNOTENIE_ZAKAZNIK">
<createdBy>lesko</createdBy>
<createdTime>2020-05-12 21:59:56 UTC</createdTime>
<generatorID>360B9036-DC43-7D40-487A-0AEBE8191F24</generatorID>
<ownerDesignName>let</ownerDesignName>
<indexState>Foreign Key</indexState>
<isSurrogateKey>false</isSurrogateKey>
<indexColumnUsage>
<colUsage columnID="A56D2B90-5E7A-1E06-A887-621627666709"/>
</indexColumnUsage>
</ind_PK_UK>
</indexes>
</Table>