<?xml version = '1.0' encoding = 'UTF-8'?>
<Table class="oracle.dbtools.crest.model.design.relational.Table" directorySegmentName="seg_0" id="B34D5491-AC55-C819-B75D-89B09C5F6A19" name="Destinaciav1">
<createdBy>lesko</createdBy>
<createdTime>2020-05-12 21:59:56 UTC</createdTime>
<ownerDesignName>let</ownerDesignName>
<allowColumnReorder>false</allowColumnReorder>
<existDependencyGenerateInDDl>true</existDependencyGenerateInDDl>
<parsed>true</parsed>
<columns itemClass="oracle.dbtools.crest.model.design.relational.Column">
<Column name="ID_let" id="6B51F85A-233D-8601-1546-3BB4A24F17D7">
<createdBy>lesko</createdBy>
<createdTime>2020-05-12 21:59:56 UTC</createdTime>
<ownerDesignName>let</ownerDesignName>
<useDomainConstraints>false</useDomainConstraints>
<use>1</use>
<logicalDatatype>LOGDT011</logicalDatatype>
<ownDataTypeParameters>,,</ownDataTypeParameters>
<previousColumn>false</previousColumn>
<autoIncrementCycle>false</autoIncrementCycle>
<associations>
<colAssociation fkAssociation="6EF243CB-A99A-0798-C8AC-F8169389343F" referredColumn="2921E846-E9A3-5832-9989-C68CA17B5145"/>
</associations>
</Column>
<Column name="ID_destinacia" id="977BC0CA-B328-7E3E-75E2-B027CB598554">
<createdBy>lesko</createdBy>
<createdTime>2020-05-12 21:59:56 UTC</createdTime>
<ownerDesignName>let</ownerDesignName>
<useDomainConstraints>false</useDomainConstraints>
<use>1</use>
<logicalDatatype>LOGDT011</logicalDatatype>
<ownDataTypeParameters>,,</ownDataTypeParameters>
<previousColumn>false</previousColumn>
<autoIncrementCycle>false</autoIncrementCycle>
<associations>
<colAssociation fkAssociation="260C245E-243D-CA42-315A-E731F5EC0CA3" referredColumn="81BA0714-1C37-1378-8219-27BF7646C097"/>
</associations>
</Column>
</columns>
<indexes itemClass="oracle.dbtools.crest.model.design.relational.Index">
<ind_PK_UK id="AB2CE2C6-34E7-359F-38C6-B69CBF237718" name="PK_Destinaciav1">
<createdBy>lesko</createdBy>
<createdTime>2020-05-12 21:59:56 UTC</createdTime>
<ownerDesignName>let</ownerDesignName>
<pk>true</pk>
<indexState>Primary Constraint</indexState>
<isSurrogateKey>false</isSurrogateKey>
<indexColumnUsage>
<colUsage columnID="6B51F85A-233D-8601-1546-3BB4A24F17D7"/>
<colUsage columnID="977BC0CA-B328-7E3E-75E2-B027CB598554"/>
</indexColumnUsage>
</ind_PK_UK>
<ind_PK_UK id="24F180E9-D9E8-6D7C-11A6-75DA78DC464E" name="FK_Destinaciav1_LET">
<createdBy>lesko</createdBy>
<createdTime>2020-05-12 21:59:56 UTC</createdTime>
<generatorID>3EF0F01E-F55C-B1A6-EE05-8D6811FA692E</generatorID>
<ownerDesignName>let</ownerDesignName>
<indexState>Foreign Key</indexState>
<isSurrogateKey>false</isSurrogateKey>
<indexColumnUsage>
<colUsage columnID="6B51F85A-233D-8601-1546-3BB4A24F17D7"/>
</indexColumnUsage>
</ind_PK_UK>
<ind_PK_UK id="4C4DC65F-DD7F-D926-6CDA-DEC18A75742B" name="FK_Destinaciav1_DESTINACIA">
<createdBy>lesko</createdBy>
<createdTime>2020-05-12 21:59:56 UTC</createdTime>
<generatorID>3EF0F01E-F55C-B1A6-EE05-8D6811FA692E</generatorID>
<ownerDesignName>let</ownerDesignName>
<indexState>Foreign Key</indexState>
<isSurrogateKey>false</isSurrogateKey>
<indexColumnUsage>
<colUsage columnID="977BC0CA-B328-7E3E-75E2-B027CB598554"/>
</indexColumnUsage>
</ind_PK_UK>
</indexes>
</Table>