<?xml version = '1.0' encoding = 'UTF-8'?>
<Table class="oracle.dbtools.crest.model.design.relational.Table" directorySegmentName="seg_0" id="B3608410-2177-A5D6-88B2-78CCEEA0557C" name="TAZKA_BATOZINA">
<createdBy>lesko</createdBy>
<createdTime>2020-05-12 21:59:56 UTC</createdTime>
<generatorID>FD6E5ECC-F9A9-8730-7647-BFBC867DF011</generatorID>
<ownerDesignName>let</ownerDesignName>
<allowColumnReorder>false</allowColumnReorder>
<existDependencyGenerateInDDl>true</existDependencyGenerateInDDl>
<parsed>true</parsed>
<columns itemClass="oracle.dbtools.crest.model.design.relational.Column">
<Column name="Vaha_tazka" id="1F5711A2-6427-3F26-6603-E445F32377E6">
<createdBy>lesko</createdBy>
<createdTime>2020-05-12 21:59:56 UTC</createdTime>
<generatorID>C212F454-E54A-1A64-8D11-855CE4484B43</generatorID>
<ownerDesignName>let</ownerDesignName>
<useDomainConstraints>false</useDomainConstraints>
<use>1</use>
<logicalDatatype>LOGDT011</logicalDatatype>
<ownDataTypeParameters>,,</ownDataTypeParameters>
<autoIncrementCycle>false</autoIncrementCycle>
<listOfRanges>
<rangeDef class="oracle.dbtools.crest.model.design.constraint.AVT">
<beginValue>0</beginValue>
<endValue>27</endValue>
</rangeDef>
</listOfRanges>
</Column>
<Column name="ID_batozina" id="5659E480-81EF-1AEC-F8F5-7A338C4D4CD6">
<createdBy>lesko</createdBy>
<createdTime>2020-05-12 21:59:56 UTC</createdTime>
<generatorID>8F34AFB6-3256-144F-FE12-D538FE95393E</generatorID>
<ownerDesignName>let</ownerDesignName>
<useDomainConstraints>false</useDomainConstraints>
<use>1</use>
<logicalDatatype>LOGDT011</logicalDatatype>
<ownDataTypeParameters>,,</ownDataTypeParameters>
<previousColumn>false</previousColumn>
<autoIncrementCycle>false</autoIncrementCycle>
<associations>
<colAssociation fkAssociation="4A12D40B-7079-3725-9125-3ACAF2A45473" referredColumn="4ABE1B8E-1B7F-78A0-7BD3-16FA516EC224"/>
</associations>
</Column>
</columns>
<indexes itemClass="oracle.dbtools.crest.model.design.relational.Index">
<ind_PK_UK id="388696E1-11AF-D930-DC80-957E179B8711" name="PK_TAZKA_BATOZINA">
<createdBy>lesko</createdBy>
<createdTime>2020-05-12 21:59:56 UTC</createdTime>
<generatorID>2ACEC9F9-EA65-36B5-9008-6E4CC4B2BBB6</generatorID>
<ownerDesignName>let</ownerDesignName>
<pk>true</pk>
<indexState>Primary Constraint</indexState>
<isSurrogateKey>false</isSurrogateKey>
<indexColumnUsage>
<colUsage columnID="5659E480-81EF-1AEC-F8F5-7A338C4D4CD6"/>
</indexColumnUsage>
</ind_PK_UK>
<ind_PK_UK id="8C3FE4EF-D44D-66B2-28DF-237748BEDD47" name="FK_TAZKA_BATOZINA_BATOZINA">
<createdBy>lesko</createdBy>
<createdTime>2020-05-12 21:59:56 UTC</createdTime>
<generatorID>41007AC9-F93C-CCC0-6D46-9A7DB53C909E</generatorID>
<ownerDesignName>let</ownerDesignName>
<indexState>Foreign Key</indexState>
<isSurrogateKey>false</isSurrogateKey>
<indexColumnUsage>
<colUsage columnID="5659E480-81EF-1AEC-F8F5-7A338C4D4CD6"/>
</indexColumnUsage>
</ind_PK_UK>
</indexes>
</Table>