<?xml version = '1.0' encoding = 'UTF-8'?>
<Arc class="oracle.dbtools.crest.model.design.logical.Arc" directorySegmentName="seg_0" id="60D939A0-6C80-029D-31D2-15A6A676B4BC" name="Arc_3">
<createdBy>lesko</createdBy>
<createdTime>2020-03-31 22:48:15 UTC</createdTime>
<ownerDesignName>Model</ownerDesignName>
<engineerTo>
<item key="1E19976D-D41A-C8FC-0B1B-72ADD84607B9" value="true"/>
</engineerTo>
<entity>6E2AC022-A990-571F-0EDB-6441E05A3542</entity>
<relations>
<relationID>C2B4E984-DFE0-78FB-6E41-F477BF3CBBD3</relationID>
<relationID>41007AC9-F93C-CCC0-6D46-9A7DB53C909E</relationID>
</relations>
</Arc>