<?xml version = '1.0' encoding = 'UTF-8'?>
<Diagram class="oracle.dbtools.crest.swingui.logical.DPVLogical" name="Logical" id="F61C4CF9-7CDD-BED5-E379-979BC79E6A74">
<createdBy>lesko</createdBy>
<modifiedBy>lesko</modifiedBy>
<createdTime>2020-03-31 14:23:59 UTC</createdTime>
<autoRoute>false</autoRoute>
<boxInbox>true</boxInbox>
<showLegend>false</showLegend>
<showLabels>true</showLabels>
<showRelAttributes>false</showRelAttributes>
<gridEnabled>false</gridEnabled>
<showGrid>false</showGrid>
<diagramColor>-1</diagramColor>
<display>false</display>
<notation>1</notation>
<objectViews>
<OView class="oracle.dbtools.crest.swingui.logical.TVEntity" oid="0B759F23-473A-FFF8-B0AE-2C69B93E0B41" otype="Entity" vid="92A3F9C3-E13F-D347-3867-8A40CF970429">
<hideElementsInCurrentOnly>false</hideElementsInCurrentOnly>
<bounds x="534" y="177" width="173" height="151"/>
</OView>
<OView class="oracle.dbtools.crest.swingui.logical.TVEntity" oid="14D0E2C8-9B07-0BE5-4479-CCE82363E3BC" otype="Entity" vid="33BDF129-8541-329F-FFB4-7017A2BEC014">
<hideElementsInCurrentOnly>false</hideElementsInCurrentOnly>
<bounds x="736" y="768" width="159" height="107"/>
</OView>
<OView class="oracle.dbtools.crest.swingui.logical.TVEntity" oid="233863A8-4F4A-BA19-21BC-C4967F599345" otype="Entity" vid="26C784E9-7F7D-7389-C165-BF042D4435E2">
<hideElementsInCurrentOnly>false</hideElementsInCurrentOnly>
<bounds x="186" y="690" width="146" height="173"/>
</OView>
<OView class="oracle.dbtools.crest.swingui.TVNote" oid="36779E8F-ACBD-68BC-C3AA-61514F6A9B89" otype="Note" vid="61E994D5-40DA-9BA4-15FF-A347EF30AA90">
<hideElementsInCurrentOnly>false</hideElementsInCurrentOnly>
<bounds x="695" y="12" width="226" height="77"/>
<comment>Vyber z typov: dieta, student, dospely, dochodca</comment>
</OView>
<OView class="oracle.dbtools.crest.swingui.logical.TVEntity" oid="4301891B-55FA-182F-ABCF-A94CCD8465FD" otype="Entity" vid="4BD3C304-3C05-A79F-F65B-BF1598CF893C">
<hideElementsInCurrentOnly>false</hideElementsInCurrentOnly>
<bounds x="523" y="12" width="154" height="86"/>
</OView>
<OView class="oracle.dbtools.crest.swingui.logical.TVEntity" oid="46496F9C-8E85-155C-5F43-D371F8789AC3" otype="Entity" vid="E63A6B93-64C0-0F1D-B442-5C6E94BE839D">
<hideElementsInCurrentOnly>false</hideElementsInCurrentOnly>
<bounds x="246" y="195" width="174" height="149"/>
</OView>
<OView class="oracle.dbtools.crest.swingui.logical.TVEntity" oid="6E2AC022-A990-571F-0EDB-6441E05A3542" otype="Entity" vid="BAFFFBAA-2236-828D-CA4F-B326BF7C50B5">
<hideElementsInCurrentOnly>false</hideElementsInCurrentOnly>
<bounds x="602" y="506" width="170" height="175"/>
</OView>
<OView class="oracle.dbtools.crest.swingui.TVNote" oid="72ED1AD0-6981-EE9A-A475-43E1891B8FD8" otype="Note" vid="188549B9-511C-1732-F70B-37B8F0CD799D">
<hideElementsInCurrentOnly>false</hideElementsInCurrentOnly>
<bounds x="403" y="29" width="88" height="60"/>
<comment>Hodnotenie moze byt aj anonymne</comment>
</OView>
<OView class="oracle.dbtools.crest.swingui.TVNote" oid="77261DBC-AE03-1685-813F-9437D92BFD61" otype="Note" vid="2DD0D362-DCBD-4322-89AC-A26B5663C57A">
<hideElementsInCurrentOnly>false</hideElementsInCurrentOnly>
<bounds x="19" y="560" width="127" height="93"/>
<comment>Typy letu z moznosti: medzistatny, transkontinentalny, vnutrozemny</comment>
</OView>
<OView class="oracle.dbtools.crest.swingui.TVNote" oid="B5FBA200-1D7A-8D84-EC4F-766115373201" otype="Note" vid="173334A2-61A6-426B-9129-B896E8CA7ED1">
<hideElementsInCurrentOnly>false</hideElementsInCurrentOnly>
<bounds x="498" y="370" width="98" height="75"/>
<comment>Ak je let obojsmerny ma aj datum priletu
</comment>
</OView>
<OView class="oracle.dbtools.crest.swingui.logical.TVEntity" oid="BB7803D9-0372-C3FF-EC02-B481A418F9CA" otype="Entity" vid="59CDF31C-AE33-9BB4-B0B0-4E1895236C63">
<hideElementsInCurrentOnly>false</hideElementsInCurrentOnly>
<bounds x="267" y="0" width="127" height="114"/>
</OView>
<OView class="oracle.dbtools.crest.swingui.logical.TVEntity" oid="C1C33D02-6248-2D8D-C877-612E98391305" otype="Entity" vid="5DB22933-6C07-A89D-4F69-E954B2A84F99">
<hideElementsInCurrentOnly>false</hideElementsInCurrentOnly>
<bounds x="191" y="430" width="141" height="157"/>
</OView>
<OView class="oracle.dbtools.crest.swingui.TVNote" oid="E3276740-659A-8E62-2ADB-0800F1094EAD" otype="Note" vid="772C0970-70AD-6062-59BA-90857BDAAB5D">
<hideElementsInCurrentOnly>false</hideElementsInCurrentOnly>
<bounds x="98" y="112" width="137" height="80"/>
<comment> Vyber z dovodov: praca, dovolenka, navsteva, iny </comment>
</OView>
<OView class="oracle.dbtools.crest.swingui.logical.TVEntity" oid="EFDA03A5-63C5-87E9-3E52-88BDE614F196" otype="Entity" vid="68AFBCC7-87E9-635E-975D-69E468317CDE">
<hideElementsInCurrentOnly>false</hideElementsInCurrentOnly>
<bounds x="0" y="208" width="152" height="124"/>
</OView>
<OView class="oracle.dbtools.crest.swingui.logical.TVEntity" oid="FD6E5ECC-F9A9-8730-7647-BFBC867DF011" otype="Entity" vid="C329676A-BCB3-F9DF-6337-67B761AFF3A2">
<hideElementsInCurrentOnly>false</hideElementsInCurrentOnly>
<bounds x="434" y="773" width="204" height="103"/>
</OView>
</objectViews>
<connectors>
<Connector class="oracle.dbtools.crest.swingui.logical.TVRelation" oid="360B9036-DC43-7D40-487A-0AEBE8191F24" otype="Relation" vid_source="E63A6B93-64C0-0F1D-B442-5C6E94BE839D" vid_target="59CDF31C-AE33-9BB4-B0B0-4E1895236C63">
<hideElementsInCurrentOnly>false</hideElementsInCurrentOnly>
<backgroundColor>-16777216</backgroundColor>
<lineWidth>1</lineWidth>
<sourceLabel class="oracle.dbtools.crest.model.design.Label">
<site>0</site>
<labelBounds x="345" y="159" width="47" height="30"/>
<noBackgroundColor>true</noBackgroundColor>
<noForegroundColor>true</noForegroundColor>
</sourceLabel>
<points>
<point x="345" y="195"/>
<point x="345" y="114"/>
</points>
</Connector>
<Connector class="oracle.dbtools.crest.swingui.logical.TVRelation" oid="3EF0F01E-F55C-B1A6-EE05-8D6811FA692E" otype="Relation" vid_source="5DB22933-6C07-A89D-4F69-E954B2A84F99" vid_target="26C784E9-7F7D-7389-C165-BF042D4435E2">
<hideElementsInCurrentOnly>false</hideElementsInCurrentOnly>
<backgroundColor>-16777216</backgroundColor>
<lineWidth>1</lineWidth>
<sourceLabel class="oracle.dbtools.crest.model.design.Label">
<site>0</site>
<labelBounds x="261" y="626" width="65" height="33"/>
<noBackgroundColor>true</noBackgroundColor>
<noForegroundColor>true</noForegroundColor>
</sourceLabel>
<points>
<point x="261" y="587"/>
<point x="261" y="690"/>
</points>
</Connector>
<Connector class="oracle.dbtools.crest.swingui.logical.TVRelation" oid="41007AC9-F93C-CCC0-6D46-9A7DB53C909E" otype="Relation" vid_source="BAFFFBAA-2236-828D-CA4F-B326BF7C50B5" vid_target="C329676A-BCB3-F9DF-6337-67B761AFF3A2">
<hideElementsInCurrentOnly>false</hideElementsInCurrentOnly>
<backgroundColor>-16777216</backgroundColor>
<lineWidth>1</lineWidth>
<sourceLabel class="oracle.dbtools.crest.model.design.Label">
<site>0</site>
<labelBounds x="620" y="717" width="58" height="30"/>
<noBackgroundColor>true</noBackgroundColor>
<noForegroundColor>true</noForegroundColor>
</sourceLabel>
<points>
<point x="620" y="681"/>
<point x="620" y="773"/>
</points>
</Connector>
<Connector class="oracle.dbtools.crest.swingui.logical.TVRelation" oid="5A28B227-03D7-2B58-0996-EDEF2C11705F" otype="Relation" vid_source="92A3F9C3-E13F-D347-3867-8A40CF970429" vid_target="5DB22933-6C07-A89D-4F69-E954B2A84F99">
<hideElementsInCurrentOnly>false</hideElementsInCurrentOnly>
<backgroundColor>-16777216</backgroundColor>
<lineWidth>1</lineWidth>
<sourceLabel class="oracle.dbtools.crest.model.design.Label">
<site>0</site>
<labelBounds x="455" y="314" width="73" height="33"/>
<noBackgroundColor>true</noBackgroundColor>
<noForegroundColor>true</noForegroundColor>
</sourceLabel>
<points>
<point x="534" y="314"/>
<point x="332" y="458"/>
</points>
</Connector>
<Connector class="oracle.dbtools.crest.swingui.logical.TVRelation" oid="713BF0A0-D767-C867-0FAA-96028E2A9417" otype="Relation" vid_source="92A3F9C3-E13F-D347-3867-8A40CF970429" vid_target="BAFFFBAA-2236-828D-CA4F-B326BF7C50B5">
<hideElementsInCurrentOnly>false</hideElementsInCurrentOnly>
<backgroundColor>-16777216</backgroundColor>
<lineWidth>1</lineWidth>
<sourceLabel class="oracle.dbtools.crest.model.design.Label">
<site>0</site>
<labelBounds x="654" y="372" width="72" height="30"/>
<noBackgroundColor>true</noBackgroundColor>
<noForegroundColor>true</noForegroundColor>
</sourceLabel>
<points>
<point x="654" y="328"/>
<point x="654" y="506"/>
</points>
</Connector>
<Connector class="oracle.dbtools.crest.swingui.logical.TVRelation" oid="8DA8E34F-5455-9E8D-3454-D3C7BDAB730B" otype="Relation" vid_source="92A3F9C3-E13F-D347-3867-8A40CF970429" vid_target="4BD3C304-3C05-A79F-F65B-BF1598CF893C">
<hideElementsInCurrentOnly>false</hideElementsInCurrentOnly>
<backgroundColor>-16777216</backgroundColor>
<lineWidth>1</lineWidth>
<sourceLabel class="oracle.dbtools.crest.model.design.Label">
<site>0</site>
<labelBounds x="605" y="125" width="49" height="30"/>
<noBackgroundColor>true</noBackgroundColor>
<noForegroundColor>true</noForegroundColor>
</sourceLabel>
<points>
<point x="605" y="177"/>
<point x="605" y="98"/>
</points>
</Connector>
<Connector class="oracle.dbtools.crest.swingui.logical.TVRelation" oid="C2B4E984-DFE0-78FB-6E41-F477BF3CBBD3" otype="Relation" vid_source="BAFFFBAA-2236-828D-CA4F-B326BF7C50B5" vid_target="33BDF129-8541-329F-FFB4-7017A2BEC014">
<hideElementsInCurrentOnly>false</hideElementsInCurrentOnly>
<backgroundColor>-16777216</backgroundColor>
<lineWidth>1</lineWidth>
<sourceLabel class="oracle.dbtools.crest.model.design.Label">
<site>0</site>
<labelBounds x="758" y="726" width="69" height="23"/>
<noBackgroundColor>true</noBackgroundColor>
<noForegroundColor>true</noForegroundColor>
</sourceLabel>
<points>
<point x="758" y="681"/>
<point x="758" y="731"/>
<point x="758" y="768"/>
</points>
</Connector>
<Connector class="oracle.dbtools.crest.swingui.logical.TVRelation" oid="F30C4C6D-818E-433F-9AD5-4A8713B318DF" otype="Relation" vid_source="E63A6B93-64C0-0F1D-B442-5C6E94BE839D" vid_target="68AFBCC7-87E9-635E-975D-69E468317CDE">
<hideElementsInCurrentOnly>false</hideElementsInCurrentOnly>
<backgroundColor>-16777216</backgroundColor>
<lineWidth>1</lineWidth>
<sourceLabel class="oracle.dbtools.crest.model.design.Label">
<site>0</site>
<labelBounds x="187" y="270" width="53" height="30"/>
<noBackgroundColor>true</noBackgroundColor>
<noForegroundColor>true</noForegroundColor>
</sourceLabel>
<points>
<point x="246" y="270"/>
<point x="152" y="268"/>
</points>
</Connector>
<Connector class="oracle.dbtools.crest.swingui.logical.TVRelation" oid="F7BBC5DD-8094-623E-E453-3107F890BAC3" otype="Relation" vid_source="E63A6B93-64C0-0F1D-B442-5C6E94BE839D" vid_target="92A3F9C3-E13F-D347-3867-8A40CF970429">
<hideElementsInCurrentOnly>false</hideElementsInCurrentOnly>
<backgroundColor>-16777216</backgroundColor>
<lineWidth>1</lineWidth>
<sourceLabel class="oracle.dbtools.crest.model.design.Label">
<site>0</site>
<labelBounds x="430" y="246" width="49" height="30"/>
<noBackgroundColor>true</noBackgroundColor>
<noForegroundColor>true</noForegroundColor>
</sourceLabel>
<points>
<point x="420" y="276"/>
<point x="534" y="276"/>
</points>
</Connector>
</connectors>
<arcs>
<Arc class="oracle.dbtools.crest.swingui.logical.TVArc" oid="60D939A0-6C80-029D-31D2-15A6A676B4BC" otype="Arc" vid="F6C26B1D-C63A-E9B9-19E1-1FDE4401D31C">
<hideElementsInCurrentOnly>false</hideElementsInCurrentOnly>
<bounds x="582" y="486" width="210" height="215"/>
</Arc>
</arcs>
</Diagram>