exec vymaz_data_vsech_tabulek;


alter session set nls_date_format='dd.mm.yyyy';
SELECT * FROM SYS.NLS_SESSION_PARAMETERS;

insert into adresa (id_adresa, ULICA, MESTO, KRAJINA, POSTOVE_SMEROVACIE_CISLO, SUPISNE_CISLO_DOMU) values (1, 'Little Fleur', 'Gambiran', 'Indonesia', '309-29', '0161');
insert into adresa (id_adresa, ULICA, MESTO, KRAJINA, POSTOVE_SMEROVACIE_CISLO, SUPISNE_CISLO_DOMU) values (2, 'Merry', 'Yunga', 'Peru', '767-87', '894');
insert into adresa (id_adresa, ULICA, MESTO, KRAJINA, POSTOVE_SMEROVACIE_CISLO, SUPISNE_CISLO_DOMU) values (3, 'Forest Run', 'Gorelovo', 'Russia', '346-21', '4');
insert into adresa (id_adresa, ULICA, MESTO, KRAJINA, POSTOVE_SMEROVACIE_CISLO, SUPISNE_CISLO_DOMU) values (4, 'Hayes', 'Tyczyn', 'Poland', '552-85', '75');
insert into adresa (id_adresa, ULICA, MESTO, KRAJINA, POSTOVE_SMEROVACIE_CISLO, SUPISNE_CISLO_DOMU) values (5, 'Utah', 'Shiziqiao', 'China', '149-53', '5088');
insert into adresa (id_adresa, ULICA, MESTO, KRAJINA, POSTOVE_SMEROVACIE_CISLO, SUPISNE_CISLO_DOMU) values (6, 'Boyd', 'Bayt al ‘Awabi', 'Oman', '849-71', '6637');
insert into adresa (id_adresa, ULICA, MESTO, KRAJINA, POSTOVE_SMEROVACIE_CISLO, SUPISNE_CISLO_DOMU) values (7, 'Hoepker', 'Huangzhu', 'China', '304-45', '17');
insert into adresa (id_adresa, ULICA, MESTO, KRAJINA, POSTOVE_SMEROVACIE_CISLO, SUPISNE_CISLO_DOMU) values (8, 'Red Cloud', 'Wenxian Chengguanzhen', 'China', '753-24', '61068');
insert into adresa (id_adresa, ULICA, MESTO, KRAJINA, POSTOVE_SMEROVACIE_CISLO, SUPISNE_CISLO_DOMU) values (9, 'Gateway', 'Lourdes', 'Philippines', '807-36', '8691');
insert into adresa (id_adresa, ULICA, MESTO, KRAJINA, POSTOVE_SMEROVACIE_CISLO, SUPISNE_CISLO_DOMU) values (10, 'Golf Course', 'Gradici', 'Croatia', '815-69', '0421');
insert into adresa (id_adresa, ULICA, MESTO, KRAJINA, POSTOVE_SMEROVACIE_CISLO, SUPISNE_CISLO_DOMU) values (11, 'Autumn Leaf', 'Noupoort', 'South Africa', '627-65', '49421');
insert into adresa (id_adresa, ULICA, MESTO, KRAJINA, POSTOVE_SMEROVACIE_CISLO, SUPISNE_CISLO_DOMU) values (12, 'Ludington', 'Dingqiao', 'China', '929-92', '270');
insert into adresa (id_adresa, ULICA, MESTO, KRAJINA, POSTOVE_SMEROVACIE_CISLO, SUPISNE_CISLO_DOMU) values (13, 'Center', 'Luoshanchuan', 'China', '632-16', '59');
insert into adresa (id_adresa, ULICA, MESTO, KRAJINA, POSTOVE_SMEROVACIE_CISLO, SUPISNE_CISLO_DOMU) values (14, 'Moland', 'Bingawan', 'Philippines', '080-83', '22');
insert into adresa (id_adresa, ULICA, MESTO, KRAJINA, POSTOVE_SMEROVACIE_CISLO, SUPISNE_CISLO_DOMU) values (15, 'Portage', 'Kara Suu', 'Kyrgyzstan', '635-55', '9820');
insert into adresa (id_adresa, ULICA, MESTO, KRAJINA, POSTOVE_SMEROVACIE_CISLO, SUPISNE_CISLO_DOMU) values (16, 'Wayridge', 'Poitiers', 'France', '721-51', '986');
insert into adresa (id_adresa, ULICA, MESTO, KRAJINA, POSTOVE_SMEROVACIE_CISLO, SUPISNE_CISLO_DOMU) values (17, 'Nova', 'Kambatatamakawu', 'Indonesia', '108-04', '776');
insert into adresa (id_adresa, ULICA, MESTO, KRAJINA, POSTOVE_SMEROVACIE_CISLO, SUPISNE_CISLO_DOMU) values (18, 'Daystar', 'Usogorsk', 'Russia', '717-07', '05432');
insert into adresa (id_adresa, ULICA, MESTO, KRAJINA, POSTOVE_SMEROVACIE_CISLO, SUPISNE_CISLO_DOMU) values (19, 'Debs', 'Bom Jesus da Lapa', 'Brazil', '568-73', '8551');
insert into adresa (id_adresa, ULICA, MESTO, KRAJINA, POSTOVE_SMEROVACIE_CISLO, SUPISNE_CISLO_DOMU) values (20, 'Carpenter', 'Orekhovo-Zuyevo', 'Russia', '770-12', '52748');
insert into adresa (id_adresa, ULICA, MESTO, KRAJINA, POSTOVE_SMEROVACIE_CISLO, SUPISNE_CISLO_DOMU) values (21, 'Warrior', 'Chodów', 'Poland', '909-54', '02595');
insert into adresa (id_adresa, ULICA, MESTO, KRAJINA, POSTOVE_SMEROVACIE_CISLO, SUPISNE_CISLO_DOMU) values (22, 'Bultman', 'Huaicheng', 'China', '277-60', '7396');
insert into adresa (id_adresa, ULICA, MESTO, KRAJINA, POSTOVE_SMEROVACIE_CISLO, SUPISNE_CISLO_DOMU) values (23, 'Arrowood', 'Pamoyanan', 'Indonesia', '285-04', '892');
insert into adresa (id_adresa, ULICA, MESTO, KRAJINA, POSTOVE_SMEROVACIE_CISLO, SUPISNE_CISLO_DOMU) values (24, 'David', 'Matayumtayum', 'Philippines', '485-34', '76899');
insert into adresa (id_adresa, ULICA, MESTO, KRAJINA, POSTOVE_SMEROVACIE_CISLO, SUPISNE_CISLO_DOMU) values (25, 'Meadow Vale', 'João Alfredo', 'Brazil', '823-13', '95');
insert into adresa (id_adresa, ULICA, MESTO, KRAJINA, POSTOVE_SMEROVACIE_CISLO, SUPISNE_CISLO_DOMU) values (26, 'Heath', 'Mbale', 'Kenya', '109-12', '9702');
insert into adresa (id_adresa, ULICA, MESTO, KRAJINA, POSTOVE_SMEROVACIE_CISLO, SUPISNE_CISLO_DOMU) values (27, 'Northfield', 'Daxi', 'China', '476-36', '0');
insert into adresa (id_adresa, ULICA, MESTO, KRAJINA, POSTOVE_SMEROVACIE_CISLO, SUPISNE_CISLO_DOMU) values (28, 'Ludington', 'Bibis', 'Indonesia', '535-87', '45133');
insert into adresa (id_adresa, ULICA, MESTO, KRAJINA, POSTOVE_SMEROVACIE_CISLO, SUPISNE_CISLO_DOMU) values (29, 'Darwin', 'Tsévié', 'Togo', '449-16', '28914');
insert into adresa (id_adresa, ULICA, MESTO, KRAJINA, POSTOVE_SMEROVACIE_CISLO, SUPISNE_CISLO_DOMU) values (30, '4th', 'Saint-Gaudens', 'France', '252-44', '98');
insert into adresa (id_adresa, ULICA, MESTO, KRAJINA, POSTOVE_SMEROVACIE_CISLO, SUPISNE_CISLO_DOMU) values (31, 'Mitchell', 'Esquipulas', 'Guatemala', '602-52', '37343');
insert into adresa (id_adresa, ULICA, MESTO, KRAJINA, POSTOVE_SMEROVACIE_CISLO, SUPISNE_CISLO_DOMU) values (32, 'Hanson', 'Beya', 'Russia', '263-80', '86');
insert into adresa (id_adresa, ULICA, MESTO, KRAJINA, POSTOVE_SMEROVACIE_CISLO, SUPISNE_CISLO_DOMU) values (33, 'Mockingbird', 'Saint-Julien-en-Genevois', 'France', '941-91', '61');
insert into adresa (id_adresa, ULICA, MESTO, KRAJINA, POSTOVE_SMEROVACIE_CISLO, SUPISNE_CISLO_DOMU) values (34, 'Westend', 'Yataity del Norte', 'Paraguay', '450-88', '97');
insert into adresa (id_adresa, ULICA, MESTO, KRAJINA, POSTOVE_SMEROVACIE_CISLO, SUPISNE_CISLO_DOMU) values (35, 'Macpherson', 'Krujë', 'Albania', '149-46', '69764');
insert into adresa (id_adresa, ULICA, MESTO, KRAJINA, POSTOVE_SMEROVACIE_CISLO, SUPISNE_CISLO_DOMU) values (36, 'Packers', 'Krajan Karanganyar', 'Indonesia', '027-30', '0');
insert into adresa (id_adresa, ULICA, MESTO, KRAJINA, POSTOVE_SMEROVACIE_CISLO, SUPISNE_CISLO_DOMU) values (37, 'Marcy', 'Xudat', 'Azerbaijan', '487-97', '38');
insert into adresa (id_adresa, ULICA, MESTO, KRAJINA, POSTOVE_SMEROVACIE_CISLO, SUPISNE_CISLO_DOMU) values (38, 'Chive', 'Louisville', 'United States', '763-04', '53');
insert into adresa (id_adresa, ULICA, MESTO, KRAJINA, POSTOVE_SMEROVACIE_CISLO, SUPISNE_CISLO_DOMU) values (39, 'Monument', 'Stocksund', 'Sweden', '281-28', '41303');
insert into adresa (id_adresa, ULICA, MESTO, KRAJINA, POSTOVE_SMEROVACIE_CISLO, SUPISNE_CISLO_DOMU) values (40, 'Sutteridge', 'Zhangxiong', 'China', '384-35', '05');
insert into adresa (id_adresa, ULICA, MESTO, KRAJINA, POSTOVE_SMEROVACIE_CISLO, SUPISNE_CISLO_DOMU) values (41, 'Superior', 'Liulin', 'China', '856-63', '82863');
insert into adresa (id_adresa, ULICA, MESTO, KRAJINA, POSTOVE_SMEROVACIE_CISLO, SUPISNE_CISLO_DOMU) values (42, 'Southridge', 'Baitu', 'China', '605-07', '6');
insert into adresa (id_adresa, ULICA, MESTO, KRAJINA, POSTOVE_SMEROVACIE_CISLO, SUPISNE_CISLO_DOMU) values (43, 'Fair Oaks', '?hm?db?yli', 'Azerbaijan', '556-59', '38755');
insert into adresa (id_adresa, ULICA, MESTO, KRAJINA, POSTOVE_SMEROVACIE_CISLO, SUPISNE_CISLO_DOMU) values (44, 'Loomis', 'Barranco de Loba', 'Colombia', '953-44', '11');
insert into adresa (id_adresa, ULICA, MESTO, KRAJINA, POSTOVE_SMEROVACIE_CISLO, SUPISNE_CISLO_DOMU) values (45, 'Anzinger', 'Carnot', 'Central African Republic', '862-60', '049');
insert into adresa (id_adresa, ULICA, MESTO, KRAJINA, POSTOVE_SMEROVACIE_CISLO, SUPISNE_CISLO_DOMU) values (46, 'Stang', 'Sakata', 'Japan', '020-26', '316');
insert into adresa (id_adresa, ULICA, MESTO, KRAJINA, POSTOVE_SMEROVACIE_CISLO, SUPISNE_CISLO_DOMU) values (47, 'Atwood', 'Tvrdonice', 'Czech Republic', '776-51', '162');
insert into adresa (id_adresa, ULICA, MESTO, KRAJINA, POSTOVE_SMEROVACIE_CISLO, SUPISNE_CISLO_DOMU) values (48, 'Schiller', 'Uhryniv', 'Ukraine', '336-25', '5');
insert into adresa (id_adresa, ULICA, MESTO, KRAJINA, POSTOVE_SMEROVACIE_CISLO, SUPISNE_CISLO_DOMU) values (49, 'Nelson', 'Bei’an', 'China', '202-09', '9992');
insert into adresa (id_adresa, ULICA, MESTO, KRAJINA, POSTOVE_SMEROVACIE_CISLO, SUPISNE_CISLO_DOMU) values (50, 'Summer Ridge', 'Mapiri', 'Bolivia', '263-02', '5614');
insert into adresa (id_adresa, ULICA, MESTO, KRAJINA, POSTOVE_SMEROVACIE_CISLO, SUPISNE_CISLO_DOMU) values (51, 'Butterfield', 'Taiyang', 'China', '263-96', '9717');
insert into adresa (id_adresa, ULICA, MESTO, KRAJINA, POSTOVE_SMEROVACIE_CISLO, SUPISNE_CISLO_DOMU) values (52, 'Blackbird', 'Hanbin', 'China', '629-73', '04033');
insert into adresa (id_adresa, ULICA, MESTO, KRAJINA, POSTOVE_SMEROVACIE_CISLO, SUPISNE_CISLO_DOMU) values (53, 'Luster', 'Boisbriand', 'Canada', '119-67', '9');
insert into adresa (id_adresa, ULICA, MESTO, KRAJINA, POSTOVE_SMEROVACIE_CISLO, SUPISNE_CISLO_DOMU) values (54, 'Trailsway', 'Ermida', 'Portugal', '457-24', '13');
insert into adresa (id_adresa, ULICA, MESTO, KRAJINA, POSTOVE_SMEROVACIE_CISLO, SUPISNE_CISLO_DOMU) values (55, 'Green Ridge', 'Ban Huai Thalaeng', 'Thailand', '008-20', '4');
insert into adresa (id_adresa, ULICA, MESTO, KRAJINA, POSTOVE_SMEROVACIE_CISLO, SUPISNE_CISLO_DOMU) values (56, 'Debra', 'Xinzhuang', 'China', '439-16', '725');
insert into adresa (id_adresa, ULICA, MESTO, KRAJINA, POSTOVE_SMEROVACIE_CISLO, SUPISNE_CISLO_DOMU) values (57, 'Vernon', 'Tula', 'Russia', '015-45', '26217');
insert into adresa (id_adresa, ULICA, MESTO, KRAJINA, POSTOVE_SMEROVACIE_CISLO, SUPISNE_CISLO_DOMU) values (58, 'Rutledge', 'Karanglincak', 'Indonesia', '623-88', '6315');
insert into adresa (id_adresa, ULICA, MESTO, KRAJINA, POSTOVE_SMEROVACIE_CISLO, SUPISNE_CISLO_DOMU) values (59, 'Rowland', 'Cinagrog Girang', 'Indonesia', '582-85', '10');
insert into adresa (id_adresa, ULICA, MESTO, KRAJINA, POSTOVE_SMEROVACIE_CISLO, SUPISNE_CISLO_DOMU) values (60, 'Derek', 'Siluko', 'Nigeria', '911-95', '1108');
insert into adresa (id_adresa, ULICA, MESTO, KRAJINA, POSTOVE_SMEROVACIE_CISLO, SUPISNE_CISLO_DOMU) values (61, 'American Ash', 'Corona', 'United States', '477-69', '664');
insert into adresa (id_adresa, ULICA, MESTO, KRAJINA, POSTOVE_SMEROVACIE_CISLO, SUPISNE_CISLO_DOMU) values (62, 'Sutteridge', 'Vimmerby', 'Sweden', '390-39', '53084');
insert into adresa (id_adresa, ULICA, MESTO, KRAJINA, POSTOVE_SMEROVACIE_CISLO, SUPISNE_CISLO_DOMU) values (63, 'Prentice', 'Ké-Macina', 'Mali', '648-58', '52');
insert into adresa (id_adresa, ULICA, MESTO, KRAJINA, POSTOVE_SMEROVACIE_CISLO, SUPISNE_CISLO_DOMU) values (64, 'Hanson', 'Coroatá', 'Brazil', '046-83', '20');
insert into adresa (id_adresa, ULICA, MESTO, KRAJINA, POSTOVE_SMEROVACIE_CISLO, SUPISNE_CISLO_DOMU) values (65, 'Daystar', 'Hongyuan', 'China', '128-14', '578');
insert into adresa (id_adresa, ULICA, MESTO, KRAJINA, POSTOVE_SMEROVACIE_CISLO, SUPISNE_CISLO_DOMU) values (66, 'Ramsey', 'Qizilhacili', 'Azerbaijan', '596-97', '70');
insert into adresa (id_adresa, ULICA, MESTO, KRAJINA, POSTOVE_SMEROVACIE_CISLO, SUPISNE_CISLO_DOMU) values (67, 'Northland', 'Sosnovo-Ozerskoye', 'Russia', '075-92', '5582');
insert into adresa (id_adresa, ULICA, MESTO, KRAJINA, POSTOVE_SMEROVACIE_CISLO, SUPISNE_CISLO_DOMU) values (68, '6th', 'Shuidong', 'China', '942-77', '1');
insert into adresa (id_adresa, ULICA, MESTO, KRAJINA, POSTOVE_SMEROVACIE_CISLO, SUPISNE_CISLO_DOMU) values (69, 'Milwaukee', 'Ranisoba', 'Indonesia', '879-30', '47');
insert into adresa (id_adresa, ULICA, MESTO, KRAJINA, POSTOVE_SMEROVACIE_CISLO, SUPISNE_CISLO_DOMU) values (70, 'Dapin', 'Lañgub', 'Philippines', '843-12', '82686');
insert into adresa (id_adresa, ULICA, MESTO, KRAJINA, POSTOVE_SMEROVACIE_CISLO, SUPISNE_CISLO_DOMU) values (71, 'Hanover', 'Al Ain', 'United Arab Emirates', '199-30', '437');
insert into adresa (id_adresa, ULICA, MESTO, KRAJINA, POSTOVE_SMEROVACIE_CISLO, SUPISNE_CISLO_DOMU) values (72, 'Maple Wood', 'Staré Mesto', 'Czech Republic', '148-01', '6');
insert into adresa (id_adresa, ULICA, MESTO, KRAJINA, POSTOVE_SMEROVACIE_CISLO, SUPISNE_CISLO_DOMU) values (73, 'Sunfield', 'Yarumela', 'Honduras', '115-74', '3');
insert into adresa (id_adresa, ULICA, MESTO, KRAJINA, POSTOVE_SMEROVACIE_CISLO, SUPISNE_CISLO_DOMU) values (74, 'Waubesa', 'Gainesville', 'United States', '694-92', '676');
insert into adresa (id_adresa, ULICA, MESTO, KRAJINA, POSTOVE_SMEROVACIE_CISLO, SUPISNE_CISLO_DOMU) values (75, 'Melvin', 'Rennes', 'France', '369-48', '4');
insert into adresa (id_adresa, ULICA, MESTO, KRAJINA, POSTOVE_SMEROVACIE_CISLO, SUPISNE_CISLO_DOMU) values (76, 'Chive', 'Córdoba', 'Colombia', '346-84', '52342');
insert into adresa (id_adresa, ULICA, MESTO, KRAJINA, POSTOVE_SMEROVACIE_CISLO, SUPISNE_CISLO_DOMU) values (77, 'Kingsford', 'Ylitornio', 'Finland', '113-91', '6');
insert into adresa (id_adresa, ULICA, MESTO, KRAJINA, POSTOVE_SMEROVACIE_CISLO, SUPISNE_CISLO_DOMU) values (78, 'Barnett', 'Tarusan', 'Philippines', '753-20', '8320');
insert into adresa (id_adresa, ULICA, MESTO, KRAJINA, POSTOVE_SMEROVACIE_CISLO, SUPISNE_CISLO_DOMU) values (79, 'Ridgeview', 'Jagüey Grande', 'Cuba', '776-81', '23');
insert into adresa (id_adresa, ULICA, MESTO, KRAJINA, POSTOVE_SMEROVACIE_CISLO, SUPISNE_CISLO_DOMU) values (80, 'Quincy', 'Maubasa', 'Indonesia', '515-49', '65');
insert into adresa (id_adresa, ULICA, MESTO, KRAJINA, POSTOVE_SMEROVACIE_CISLO, SUPISNE_CISLO_DOMU) values (81, 'Montana', 'Simões Filho', 'Brazil', '572-59', '2');
insert into adresa (id_adresa, ULICA, MESTO, KRAJINA, POSTOVE_SMEROVACIE_CISLO, SUPISNE_CISLO_DOMU) values (82, 'Anhalt', 'Kampungruweh', 'Indonesia', '259-79', '04');
insert into adresa (id_adresa, ULICA, MESTO, KRAJINA, POSTOVE_SMEROVACIE_CISLO, SUPISNE_CISLO_DOMU) values (83, 'Steensland', 'Isnos', 'Colombia', '572-75', '817');
insert into adresa (id_adresa, ULICA, MESTO, KRAJINA, POSTOVE_SMEROVACIE_CISLO, SUPISNE_CISLO_DOMU) values (84, 'Pond', 'Hope', 'Canada', '271-11', '7');
insert into adresa (id_adresa, ULICA, MESTO, KRAJINA, POSTOVE_SMEROVACIE_CISLO, SUPISNE_CISLO_DOMU) values (85, 'Hoffman', 'Mouzáki', 'Greece', '906-70', '01814');
insert into adresa (id_adresa, ULICA, MESTO, KRAJINA, POSTOVE_SMEROVACIE_CISLO, SUPISNE_CISLO_DOMU) values (86, 'Karstens', 'Ma’an', 'China', '228-62', '17');
insert into adresa (id_adresa, ULICA, MESTO, KRAJINA, POSTOVE_SMEROVACIE_CISLO, SUPISNE_CISLO_DOMU) values (87, 'Mitchell', 'Tours', 'France', '528-29', '6049');
insert into adresa (id_adresa, ULICA, MESTO, KRAJINA, POSTOVE_SMEROVACIE_CISLO, SUPISNE_CISLO_DOMU) values (88, 'Colorado', 'Concordia', 'Argentina', '360-28', '967');
insert into adresa (id_adresa, ULICA, MESTO, KRAJINA, POSTOVE_SMEROVACIE_CISLO, SUPISNE_CISLO_DOMU) values (89, 'Vidon', 'Nebug', 'Russia', '038-98', '344');
insert into adresa (id_adresa, ULICA, MESTO, KRAJINA, POSTOVE_SMEROVACIE_CISLO, SUPISNE_CISLO_DOMU) values (90, 'Sutteridge', 'Byahoml’', 'Belarus', '412-93', '5247');
insert into adresa (id_adresa, ULICA, MESTO, KRAJINA, POSTOVE_SMEROVACIE_CISLO, SUPISNE_CISLO_DOMU) values (91, 'Truax', 'Dasuk', 'Indonesia', '883-64', '11');
insert into adresa (id_adresa, ULICA, MESTO, KRAJINA, POSTOVE_SMEROVACIE_CISLO, SUPISNE_CISLO_DOMU) values (92, 'Mitchell', 'Stockholm', 'Sweden', '176-80', '8045');
insert into adresa (id_adresa, ULICA, MESTO, KRAJINA, POSTOVE_SMEROVACIE_CISLO, SUPISNE_CISLO_DOMU) values (93, 'Knutson', 'Bilice', 'Croatia', '063-03', '87');
insert into adresa (id_adresa, ULICA, MESTO, KRAJINA, POSTOVE_SMEROVACIE_CISLO, SUPISNE_CISLO_DOMU) values (94, 'Mandrake', 'Pampierstad', 'South Africa', '922-30', '162');
insert into adresa (id_adresa, ULICA, MESTO, KRAJINA, POSTOVE_SMEROVACIE_CISLO, SUPISNE_CISLO_DOMU) values (95, 'Village Green', 'Patambuco', 'Peru', '972-88', '57');
insert into adresa (id_adresa, ULICA, MESTO, KRAJINA, POSTOVE_SMEROVACIE_CISLO, SUPISNE_CISLO_DOMU) values (96, 'Riverside', 'Banjar Triwangsakeliki', 'Indonesia', '824-42', '5');
insert into adresa (id_adresa, ULICA, MESTO, KRAJINA, POSTOVE_SMEROVACIE_CISLO, SUPISNE_CISLO_DOMU) values (97, 'Kipling', 'Saint Aubin', 'Mauritius', '515-55', '786');
insert into adresa (id_adresa, ULICA, MESTO, KRAJINA, POSTOVE_SMEROVACIE_CISLO, SUPISNE_CISLO_DOMU) values (98, 'Elmside', 'Danderyd', 'Sweden', '173-22', '4418');
insert into adresa (id_adresa, ULICA, MESTO, KRAJINA, POSTOVE_SMEROVACIE_CISLO, SUPISNE_CISLO_DOMU) values (99, 'Claremont', 'Mahendranagar', 'Nepal', '793-41', '222');
insert into adresa (id_adresa, ULICA, MESTO, KRAJINA, POSTOVE_SMEROVACIE_CISLO, SUPISNE_CISLO_DOMU) values (100, 'Elgar', 'Omišalj', 'Croatia', '483-09', '300');

insert into zakaznik (ID_ZAKAZNIK, MENO, PRIEZVISKO, DATUM_NARODENIA, RODNE_CISLO, EMAIL, TELEFONNE_CISLO, DOVOD_CESTY, ID_ADRESA) values (1, 'Lyndsie', 'Worsom', '08.09.2019', '5201/0515', 'lworsom0@washington.edu', '+63 559 891 1790', 'iny', 58);
insert into zakaznik (ID_ZAKAZNIK, MENO, PRIEZVISKO, DATUM_NARODENIA, RODNE_CISLO, EMAIL, TELEFONNE_CISLO, DOVOD_CESTY, ID_ADRESA) values (2, 'Jo-ann', 'Lindemann', '01.12.2019', '3813/0755', 'jlindemann1@homestead.com', '+57 799 891 0816', 'dovolenka', 91);
insert into zakaznik (ID_ZAKAZNIK, MENO, PRIEZVISKO, DATUM_NARODENIA, RODNE_CISLO, EMAIL, TELEFONNE_CISLO, DOVOD_CESTY, ID_ADRESA) values (3, 'Carmelle', 'Sheaf', '05.02.2020', '5980/5779', 'csheaf2@narod.ru', '+32 333 575 5283', 'praca', 69);
insert into zakaznik (ID_ZAKAZNIK, MENO, PRIEZVISKO, DATUM_NARODENIA, RODNE_CISLO, EMAIL, TELEFONNE_CISLO, DOVOD_CESTY, ID_ADRESA) values (4, 'Drucy', 'Huddy', '28.02.2020', '8567/9393', 'dhuddy3@aboutads.info', '+371 274 316 7174', 'navsteva', 86);
insert into zakaznik (ID_ZAKAZNIK, MENO, PRIEZVISKO, DATUM_NARODENIA, RODNE_CISLO, EMAIL, TELEFONNE_CISLO, DOVOD_CESTY, ID_ADRESA) values (5, 'Florina', 'Scamadin', '19.06.2019', '4587/8756', 'fscamadin4@infoseek.co.jp', '+86 913 723 6267', 'navsteva', 37);
insert into zakaznik (ID_ZAKAZNIK, MENO, PRIEZVISKO, DATUM_NARODENIA, RODNE_CISLO, EMAIL, TELEFONNE_CISLO, DOVOD_CESTY, ID_ADRESA) values (6, 'Lorianna', 'Dowty', '20.06.2019', '3663/6235', 'ldowty5@ucoz.ru', '+62 330 290 9569', 'dovolenka', 79);
insert into zakaznik (ID_ZAKAZNIK, MENO, PRIEZVISKO, DATUM_NARODENIA, RODNE_CISLO, EMAIL, TELEFONNE_CISLO, DOVOD_CESTY, ID_ADRESA) values (7, 'Lynnette', 'Walsh', '23.07.2019', '2548/0348', 'lwalsh6@ezinearticles.com', '+504 746 918 9958', 'navsteva', 38);
insert into zakaznik (ID_ZAKAZNIK, MENO, PRIEZVISKO, DATUM_NARODENIA, RODNE_CISLO, EMAIL, TELEFONNE_CISLO, DOVOD_CESTY, ID_ADRESA) values (8, 'Freddy', 'Kersey', '19.02.2020', '6052/0927', 'fkersey7@homestead.com', '+54 875 670 4205', 'navsteva', 41);
insert into zakaznik (ID_ZAKAZNIK, MENO, PRIEZVISKO, DATUM_NARODENIA, RODNE_CISLO, EMAIL, TELEFONNE_CISLO, DOVOD_CESTY, ID_ADRESA) values (9, 'Deni', 'Tittershill', '09.07.2019', '5865/7667', 'dtittershill8@usnews.com', '+86 159 229 0851', 'navsteva', 88);
insert into zakaznik (ID_ZAKAZNIK, MENO, PRIEZVISKO, DATUM_NARODENIA, RODNE_CISLO, EMAIL, TELEFONNE_CISLO, DOVOD_CESTY, ID_ADRESA) values (10, 'Loise', 'Groomebridge', '07.12.2019', '8457/6718', 'lgroomebridge9@google.de', '+7 410 684 5127', 'navsteva', 53);
insert into zakaznik (ID_ZAKAZNIK, MENO, PRIEZVISKO, DATUM_NARODENIA, RODNE_CISLO, EMAIL, TELEFONNE_CISLO, DOVOD_CESTY, ID_ADRESA) values (11, 'Robbyn', 'Slyme', '27.08.2019', '8007/7047', 'rslymea@bizjournals.com', '+51 835 537 5768', 'iny', 46);
insert into zakaznik (ID_ZAKAZNIK, MENO, PRIEZVISKO, DATUM_NARODENIA, RODNE_CISLO, EMAIL, TELEFONNE_CISLO, DOVOD_CESTY, ID_ADRESA) values (12, 'Joanie', 'Mullany', '10.04.2020', '8486/3885', 'jmullanyb@usnews.com', '+420 691 611 7525', 'navsteva', 67);
insert into zakaznik (ID_ZAKAZNIK, MENO, PRIEZVISKO, DATUM_NARODENIA, RODNE_CISLO, EMAIL, TELEFONNE_CISLO, DOVOD_CESTY, ID_ADRESA) values (13, 'Carmen', 'Scullin', '24.04.2020', '9344/0684', 'cscullinc@google.fr', '+55 293 359 9886', 'iny', 66);
insert into zakaznik (ID_ZAKAZNIK, MENO, PRIEZVISKO, DATUM_NARODENIA, RODNE_CISLO, EMAIL, TELEFONNE_CISLO, DOVOD_CESTY, ID_ADRESA) values (14, 'Marga', 'Ralestone', '30.01.2020', '5485/6954', 'mralestoned@hhs.gov', '+63 637 612 9913', 'navsteva', 15);
insert into zakaznik (ID_ZAKAZNIK, MENO, PRIEZVISKO, DATUM_NARODENIA, RODNE_CISLO, EMAIL, TELEFONNE_CISLO, DOVOD_CESTY, ID_ADRESA) values (15, 'Loria', 'Vannuccinii', '08.08.2019', '7295/8527', 'lvannucciniie@alexa.com', '+86 622 970 2323', 'navsteva', 90);
insert into zakaznik (ID_ZAKAZNIK, MENO, PRIEZVISKO, DATUM_NARODENIA, RODNE_CISLO, EMAIL, TELEFONNE_CISLO, DOVOD_CESTY, ID_ADRESA) values (16, 'Aimil', 'Blanc', '12.03.2020', '8900/3373', 'ablancf@surveymonkey.com', '+233 699 304 1322', 'navsteva', 7);
insert into zakaznik (ID_ZAKAZNIK, MENO, PRIEZVISKO, DATUM_NARODENIA, RODNE_CISLO, EMAIL, TELEFONNE_CISLO, DOVOD_CESTY, ID_ADRESA) values (17, 'Kalindi', 'Bernaert', '22.12.2019', '9043/3810', 'kbernaertg@telegraph.co.uk', '+7 447 165 5737', 'navsteva', 38);
insert into zakaznik (ID_ZAKAZNIK, MENO, PRIEZVISKO, DATUM_NARODENIA, RODNE_CISLO, EMAIL, TELEFONNE_CISLO, DOVOD_CESTY, ID_ADRESA) values (18, 'Davita', 'Vant', '24.06.2019', '7596/8339', 'dvanth@mit.edu', '+86 974 577 8204', 'navsteva', 24);
insert into zakaznik (ID_ZAKAZNIK, MENO, PRIEZVISKO, DATUM_NARODENIA, RODNE_CISLO, EMAIL, TELEFONNE_CISLO, DOVOD_CESTY, ID_ADRESA) values (19, 'Binny', 'Sinclar', '04.11.2019', '6487/1813', 'bsinclari@apple.com', '+86 891 478 0620', 'navsteva', 2);
insert into zakaznik (ID_ZAKAZNIK, MENO, PRIEZVISKO, DATUM_NARODENIA, RODNE_CISLO, EMAIL, TELEFONNE_CISLO, DOVOD_CESTY, ID_ADRESA) values (20, 'Engracia', 'Bernolet', '18.05.2019', '9238/4435', 'ebernoletj@indiegogo.com', '+86 725 535 4459', 'iny', 77);
insert into zakaznik (ID_ZAKAZNIK, MENO, PRIEZVISKO, DATUM_NARODENIA, RODNE_CISLO, EMAIL, TELEFONNE_CISLO, DOVOD_CESTY, ID_ADRESA) values (21, 'Suzi', 'Enrdigo', '11.06.2019', '9369/4609', 'senrdigok@google.co.jp', '+62 463 575 9491', 'praca', 84);
insert into zakaznik (ID_ZAKAZNIK, MENO, PRIEZVISKO, DATUM_NARODENIA, RODNE_CISLO, EMAIL, TELEFONNE_CISLO, DOVOD_CESTY, ID_ADRESA) values (22, 'Dorelle', 'Itzkovwitch', '08.07.2019', '6846/2149', 'ditzkovwitchl@intel.com', '+33 561 867 8272', 'navsteva', 42);
insert into zakaznik (ID_ZAKAZNIK, MENO, PRIEZVISKO, DATUM_NARODENIA, RODNE_CISLO, EMAIL, TELEFONNE_CISLO, DOVOD_CESTY, ID_ADRESA) values (23, 'Davine', 'Moncreif', '17.06.2019', '1674/4966', 'dmoncreifm@harvard.edu', '+7 953 854 3014', 'navsteva', 11);
insert into zakaznik (ID_ZAKAZNIK, MENO, PRIEZVISKO, DATUM_NARODENIA, RODNE_CISLO, EMAIL, TELEFONNE_CISLO, DOVOD_CESTY, ID_ADRESA) values (24, 'Jordain', 'Barnewall', '21.10.2019', '3869/6584', 'jbarnewalln@vistaprint.com', '+86 907 665 4268', 'navsteva', 31);
insert into zakaznik (ID_ZAKAZNIK, MENO, PRIEZVISKO, DATUM_NARODENIA, RODNE_CISLO, EMAIL, TELEFONNE_CISLO, DOVOD_CESTY, ID_ADRESA) values (25, 'Faun', 'Khadir', '04.12.2019', '2956/1481', 'fkhadiro@ehow.com', '+63 109 701 5605', 'navsteva', 41);
insert into zakaznik (ID_ZAKAZNIK, MENO, PRIEZVISKO, DATUM_NARODENIA, RODNE_CISLO, EMAIL, TELEFONNE_CISLO, DOVOD_CESTY, ID_ADRESA) values (26, 'Charlotte', 'Munning', '25.04.2020', '8272/5564', 'cmunningp@wikimedia.org', '+82 474 569 4003', 'praca', 15);
insert into zakaznik (ID_ZAKAZNIK, MENO, PRIEZVISKO, DATUM_NARODENIA, RODNE_CISLO, EMAIL, TELEFONNE_CISLO, DOVOD_CESTY, ID_ADRESA) values (27, 'Teressa', 'Pettet', '12.07.2019', '8878/5451', 'tpettetq@ovh.net', '+33 731 853 8663', 'praca', 55);
insert into zakaznik (ID_ZAKAZNIK, MENO, PRIEZVISKO, DATUM_NARODENIA, RODNE_CISLO, EMAIL, TELEFONNE_CISLO, DOVOD_CESTY, ID_ADRESA) values (28, 'Legra', 'Fullicks', '25.06.2019', '9819/6966', 'lfullicksr@google.fr', '+86 810 605 0357', 'iny', 17);
insert into zakaznik (ID_ZAKAZNIK, MENO, PRIEZVISKO, DATUM_NARODENIA, RODNE_CISLO, EMAIL, TELEFONNE_CISLO, DOVOD_CESTY, ID_ADRESA) values (29, 'Elbertina', 'Sharpin', '07.12.2019', '0430/4387', 'esharpins@psu.edu', '+7 244 694 5259', 'navsteva', 41);
insert into zakaznik (ID_ZAKAZNIK, MENO, PRIEZVISKO, DATUM_NARODENIA, RODNE_CISLO, EMAIL, TELEFONNE_CISLO, DOVOD_CESTY, ID_ADRESA) values (30, 'Betsy', 'Muddiman', '25.09.2019', '3775/6808', 'bmuddimant@bbc.co.uk', '+351 527 991 5357', 'dovolenka', 96);
insert into zakaznik (ID_ZAKAZNIK, MENO, PRIEZVISKO, DATUM_NARODENIA, RODNE_CISLO, EMAIL, TELEFONNE_CISLO, DOVOD_CESTY, ID_ADRESA) values (31, 'Odelle', 'Simakov', '02.12.2019', '5210/8318', 'osimakovu@t-online.de', '+351 833 530 8566', 'dovolenka', 39);
insert into zakaznik (ID_ZAKAZNIK, MENO, PRIEZVISKO, DATUM_NARODENIA, RODNE_CISLO, EMAIL, TELEFONNE_CISLO, DOVOD_CESTY, ID_ADRESA) values (32, 'Melisent', 'Spinley', '16.02.2020', '4680/8644', 'mspinleyv@ustream.tv', '+972 988 969 0599', 'iny', 77);
insert into zakaznik (ID_ZAKAZNIK, MENO, PRIEZVISKO, DATUM_NARODENIA, RODNE_CISLO, EMAIL, TELEFONNE_CISLO, DOVOD_CESTY, ID_ADRESA) values (33, 'Corabelle', 'Sangra', '05.07.2019', '4513/5851', 'csangraw@tmall.com', '+1 804 297 6365', 'dovolenka', 54);
insert into zakaznik (ID_ZAKAZNIK, MENO, PRIEZVISKO, DATUM_NARODENIA, RODNE_CISLO, EMAIL, TELEFONNE_CISLO, DOVOD_CESTY, ID_ADRESA) values (34, 'Sylvia', 'Foden', '22.06.2019', '6906/2694', 'sfodenx@360.cn', '+30 569 493 1492', 'dovolenka', 37);
insert into zakaznik (ID_ZAKAZNIK, MENO, PRIEZVISKO, DATUM_NARODENIA, RODNE_CISLO, EMAIL, TELEFONNE_CISLO, DOVOD_CESTY, ID_ADRESA) values (35, 'Ermengarde', 'Stroulger', '06.03.2020', '6679/6857', 'estroulgery@google.co.jp', '+382 125 652 9133', 'praca', 44);
insert into zakaznik (ID_ZAKAZNIK, MENO, PRIEZVISKO, DATUM_NARODENIA, RODNE_CISLO, EMAIL, TELEFONNE_CISLO, DOVOD_CESTY, ID_ADRESA) values (36, 'Georgine', 'Impy', '24.08.2019', '7669/0349', 'gimpyz@yandex.ru', '+30 187 179 9489', 'navsteva', 13);
insert into zakaznik (ID_ZAKAZNIK, MENO, PRIEZVISKO, DATUM_NARODENIA, RODNE_CISLO, EMAIL, TELEFONNE_CISLO, DOVOD_CESTY, ID_ADRESA) values (37, 'Gennie', 'Dorton', '17.05.2019', '6490/0825', 'gdorton10@photobucket.com', '+62 682 455 7085', 'navsteva', 87);
insert into zakaznik (ID_ZAKAZNIK, MENO, PRIEZVISKO, DATUM_NARODENIA, RODNE_CISLO, EMAIL, TELEFONNE_CISLO, DOVOD_CESTY, ID_ADRESA) values (38, 'Willy', 'Cogger', '01.05.2020', '3941/0013', 'wcogger11@nba.com', '+62 783 319 0304', 'iny', 35);
insert into zakaznik (ID_ZAKAZNIK, MENO, PRIEZVISKO, DATUM_NARODENIA, RODNE_CISLO, EMAIL, TELEFONNE_CISLO, DOVOD_CESTY, ID_ADRESA) values (39, 'Bethena', 'Riccetti', '26.08.2019', '4406/2645', 'briccetti12@utexas.edu', '+62 345 475 0293', 'praca', 64);
insert into zakaznik (ID_ZAKAZNIK, MENO, PRIEZVISKO, DATUM_NARODENIA, RODNE_CISLO, EMAIL, TELEFONNE_CISLO, DOVOD_CESTY, ID_ADRESA) values (40, 'Ingaberg', 'Ennew', '20.04.2020', '8498/2902', 'iennew13@csmonitor.com', '+994 826 657 7307', 'navsteva', 17);
insert into zakaznik (ID_ZAKAZNIK, MENO, PRIEZVISKO, DATUM_NARODENIA, RODNE_CISLO, EMAIL, TELEFONNE_CISLO, DOVOD_CESTY, ID_ADRESA) values (41, 'Blondy', 'Nekrews', '31.03.2020', '0642/3931', 'bnekrews14@ovh.net', '+86 967 938 4861', 'iny', 2);
insert into zakaznik (ID_ZAKAZNIK, MENO, PRIEZVISKO, DATUM_NARODENIA, RODNE_CISLO, EMAIL, TELEFONNE_CISLO, DOVOD_CESTY, ID_ADRESA) values (42, 'Elyn', 'Aisthorpe', '05.03.2020', '0945/9913', 'eaisthorpe15@xrea.com', '+62 907 803 1471', 'navsteva', 34);
insert into zakaznik (ID_ZAKAZNIK, MENO, PRIEZVISKO, DATUM_NARODENIA, RODNE_CISLO, EMAIL, TELEFONNE_CISLO, DOVOD_CESTY, ID_ADRESA) values (43, 'Deanna', 'Dix', '23.08.2019', '4229/6280', 'ddix16@utexas.edu', '+86 246 659 4006', 'praca', 56);
insert into zakaznik (ID_ZAKAZNIK, MENO, PRIEZVISKO, DATUM_NARODENIA, RODNE_CISLO, EMAIL, TELEFONNE_CISLO, DOVOD_CESTY, ID_ADRESA) values (44, 'Janessa', 'Seeborne', '07.04.2020', '2314/5465', 'jseeborne17@umn.edu', '+351 588 143 5583', 'dovolenka', 33);
insert into zakaznik (ID_ZAKAZNIK, MENO, PRIEZVISKO, DATUM_NARODENIA, RODNE_CISLO, EMAIL, TELEFONNE_CISLO, DOVOD_CESTY, ID_ADRESA) values (45, 'Miguela', 'Streight', '04.09.2019', '6303/4395', 'mstreight18@thetimes.co.uk', '+62 656 574 5513', 'praca', 87);
insert into zakaznik (ID_ZAKAZNIK, MENO, PRIEZVISKO, DATUM_NARODENIA, RODNE_CISLO, EMAIL, TELEFONNE_CISLO, DOVOD_CESTY, ID_ADRESA) values (46, 'Zaria', 'Szymoni', '08.03.2020', '7247/7881', 'zszymoni19@bloglovin.com', '+382 417 614 4728', 'praca', 42);
insert into zakaznik (ID_ZAKAZNIK, MENO, PRIEZVISKO, DATUM_NARODENIA, RODNE_CISLO, EMAIL, TELEFONNE_CISLO, DOVOD_CESTY, ID_ADRESA) values (47, 'Isidora', 'Haggata', '13.09.2019', '0272/0810', 'ihaggata1a@tinypic.com', '+86 281 634 4185', 'dovolenka', 13);
insert into zakaznik (ID_ZAKAZNIK, MENO, PRIEZVISKO, DATUM_NARODENIA, RODNE_CISLO, EMAIL, TELEFONNE_CISLO, DOVOD_CESTY, ID_ADRESA) values (48, 'Jolyn', 'Beard', '16.05.2019', '6085/7036', 'jbeard1b@jugem.jp', '+1 129 660 7863', 'navsteva', 20);
insert into zakaznik (ID_ZAKAZNIK, MENO, PRIEZVISKO, DATUM_NARODENIA, RODNE_CISLO, EMAIL, TELEFONNE_CISLO, DOVOD_CESTY, ID_ADRESA) values (49, 'Alvira', 'Waring', '20.01.2020', '3798/9805', 'awaring1c@drupal.org', '+86 837 895 5223', 'praca', 14);
insert into zakaznik (ID_ZAKAZNIK, MENO, PRIEZVISKO, DATUM_NARODENIA, RODNE_CISLO, EMAIL, TELEFONNE_CISLO, DOVOD_CESTY, ID_ADRESA) values (50, 'Christiana', 'Potbury', '10.12.2019', '5598/6510', 'cpotbury1d@slideshare.net', '+351 213 840 6109', 'navsteva', 29);
insert into zakaznik (ID_ZAKAZNIK, MENO, PRIEZVISKO, DATUM_NARODENIA, RODNE_CISLO, EMAIL, TELEFONNE_CISLO, DOVOD_CESTY, ID_ADRESA) values (51, 'Jonis', 'Newe', '18.02.2020', '2574/6019', 'jnewe1e@youtube.com', '+86 374 259 6306', 'iny', 36);
insert into zakaznik (ID_ZAKAZNIK, MENO, PRIEZVISKO, DATUM_NARODENIA, RODNE_CISLO, EMAIL, TELEFONNE_CISLO, DOVOD_CESTY, ID_ADRESA) values (52, 'Michelle', 'Leckie', '19.03.2020', '6934/8746', 'mleckie1f@topsy.com', '+86 262 530 1311', 'praca', 14);
insert into zakaznik (ID_ZAKAZNIK, MENO, PRIEZVISKO, DATUM_NARODENIA, RODNE_CISLO, EMAIL, TELEFONNE_CISLO, DOVOD_CESTY, ID_ADRESA) values (53, 'Brita', 'Slocom', '11.06.2019', '5781/5384', 'bslocom1g@ning.com', '+63 736 373 9167', 'dovolenka', 81);
insert into zakaznik (ID_ZAKAZNIK, MENO, PRIEZVISKO, DATUM_NARODENIA, RODNE_CISLO, EMAIL, TELEFONNE_CISLO, DOVOD_CESTY, ID_ADRESA) values (54, 'Barrie', 'Fihelly', '22.11.2019', '9926/8145', 'bfihelly1h@cnn.com', '+351 596 252 1498', 'dovolenka', 94);
insert into zakaznik (ID_ZAKAZNIK, MENO, PRIEZVISKO, DATUM_NARODENIA, RODNE_CISLO, EMAIL, TELEFONNE_CISLO, DOVOD_CESTY, ID_ADRESA) values (55, 'Kellie', 'Jandourek', '02.07.2019', '3531/1423', 'jandourek1i@timesonline.co.uk', '+55 280 310 3169', 'navsteva', 85);
insert into zakaznik (ID_ZAKAZNIK, MENO, PRIEZVISKO, DATUM_NARODENIA, RODNE_CISLO, EMAIL, TELEFONNE_CISLO, DOVOD_CESTY, ID_ADRESA) values (56, 'Winne', 'Bullough', '25.01.2020', '5099/1306', 'wbullough1j@w3.org', '+48 679 742 1817', 'navsteva', 50);
insert into zakaznik (ID_ZAKAZNIK, MENO, PRIEZVISKO, DATUM_NARODENIA, RODNE_CISLO, EMAIL, TELEFONNE_CISLO, DOVOD_CESTY, ID_ADRESA) values (57, 'Drucill', 'Duchatel', '21.07.2019', '8991/7647', 'dduchatel1k@disqus.com', '+62 300 643 6968', 'navsteva', 97);
insert into zakaznik (ID_ZAKAZNIK, MENO, PRIEZVISKO, DATUM_NARODENIA, RODNE_CISLO, EMAIL, TELEFONNE_CISLO, DOVOD_CESTY, ID_ADRESA) values (58, 'Sheila', 'Lernihan', '31.12.2019', '4468/9103', 'slernihan1l@amazon.co.jp', '+46 955 336 7150', 'iny', 98);
insert into zakaznik (ID_ZAKAZNIK, MENO, PRIEZVISKO, DATUM_NARODENIA, RODNE_CISLO, EMAIL, TELEFONNE_CISLO, DOVOD_CESTY, ID_ADRESA) values (59, 'Felicia', 'Parradye', '26.10.2019', '4861/4986', 'fparradye1m@icq.com', '+1 934 455 6924', 'navsteva', 70);
insert into zakaznik (ID_ZAKAZNIK, MENO, PRIEZVISKO, DATUM_NARODENIA, RODNE_CISLO, EMAIL, TELEFONNE_CISLO, DOVOD_CESTY, ID_ADRESA) values (60, 'Halette', 'Mathiassen', '29.11.2019', '5013/2305', 'hmathiassen1n@cdc.gov', '+86 550 119 1682', 'iny', 61);
insert into zakaznik (ID_ZAKAZNIK, MENO, PRIEZVISKO, DATUM_NARODENIA, RODNE_CISLO, EMAIL, TELEFONNE_CISLO, DOVOD_CESTY, ID_ADRESA) values (61, 'Elie', 'Anten', '15.07.2019', '9308/9132', 'eanten1o@phoca.cz', '+420 389 335 4275', 'navsteva', 12);
insert into zakaznik (ID_ZAKAZNIK, MENO, PRIEZVISKO, DATUM_NARODENIA, RODNE_CISLO, EMAIL, TELEFONNE_CISLO, DOVOD_CESTY, ID_ADRESA) values (62, 'Sibley', 'Comolli', '18.12.2019', '1162/4932', 'scomolli1p@ovh.net', '+965 999 198 2797', 'dovolenka', 46);
insert into zakaznik (ID_ZAKAZNIK, MENO, PRIEZVISKO, DATUM_NARODENIA, RODNE_CISLO, EMAIL, TELEFONNE_CISLO, DOVOD_CESTY, ID_ADRESA) values (63, 'Frayda', 'Gallear', '20.05.2019', '0772/5489', 'fgallear1q@google.pl', '+48 182 839 8454', 'navsteva', 56);
insert into zakaznik (ID_ZAKAZNIK, MENO, PRIEZVISKO, DATUM_NARODENIA, RODNE_CISLO, EMAIL, TELEFONNE_CISLO, DOVOD_CESTY, ID_ADRESA) values (64, 'Meghan', 'Lorenzin', '25.09.2019', '5642/7981', 'mlorenzin1r@creativecomons.org', '+63 960 829 1981', 'navsteva', 25);
insert into zakaznik (ID_ZAKAZNIK, MENO, PRIEZVISKO, DATUM_NARODENIA, RODNE_CISLO, EMAIL, TELEFONNE_CISLO, DOVOD_CESTY, ID_ADRESA) values (65, 'Misty', 'Starkey', '03.06.2019', '9486/4127', 'mstarkey1s@yale.edu', '+86 880 551 8957', 'navsteva', 54);
insert into zakaznik (ID_ZAKAZNIK, MENO, PRIEZVISKO, DATUM_NARODENIA, RODNE_CISLO, EMAIL, TELEFONNE_CISLO, DOVOD_CESTY, ID_ADRESA) values (66, 'Correy', 'Mahood', '13.10.2019', '2039/8933', 'cmahood1t@histats.com', '+62 184 369 8316', 'navsteva', 79);
insert into zakaznik (ID_ZAKAZNIK, MENO, PRIEZVISKO, DATUM_NARODENIA, RODNE_CISLO, EMAIL, TELEFONNE_CISLO, DOVOD_CESTY, ID_ADRESA) values (67, 'Lynnea', 'Clyant', '05.01.2020', '1091/6088', 'lclyant1u@cafepress.com', '+380 832 950 6578', 'navsteva', 84);
insert into zakaznik (ID_ZAKAZNIK, MENO, PRIEZVISKO, DATUM_NARODENIA, RODNE_CISLO, EMAIL, TELEFONNE_CISLO, DOVOD_CESTY, ID_ADRESA) values (68, 'Dede', 'Cassam', '17.01.2020', '2867/0679', 'dcassam1v@typepad.com', '+963 542 893 3572', 'navsteva', 54);
insert into zakaznik (ID_ZAKAZNIK, MENO, PRIEZVISKO, DATUM_NARODENIA, RODNE_CISLO, EMAIL, TELEFONNE_CISLO, DOVOD_CESTY, ID_ADRESA) values (69, 'Serena', 'Gergolet', '01.11.2019', '0382/8649', 'sgergolet1w@amazon.co.jp', '+970 689 558 4611', 'navsteva', 43);
insert into zakaznik (ID_ZAKAZNIK, MENO, PRIEZVISKO, DATUM_NARODENIA, RODNE_CISLO, EMAIL, TELEFONNE_CISLO, DOVOD_CESTY, ID_ADRESA) values (70, 'Berty', 'Craker', '28.01.2020', '9378/9760', 'bcraker1x@dropbox.com', '+380 456 689 7027', 'navsteva', 83);
insert into zakaznik (ID_ZAKAZNIK, MENO, PRIEZVISKO, DATUM_NARODENIA, RODNE_CISLO, EMAIL, TELEFONNE_CISLO, DOVOD_CESTY, ID_ADRESA) values (71, 'Bridgette', 'Beenham', '28.10.2019', '9353/8635', 'beenham1y@reverbnation.com', '+374 735 862 1601', 'dovolenka', 97);
insert into zakaznik (ID_ZAKAZNIK, MENO, PRIEZVISKO, DATUM_NARODENIA, RODNE_CISLO, EMAIL, TELEFONNE_CISLO, DOVOD_CESTY, ID_ADRESA) values (72, 'Gretel', 'Mapstone', '31.12.2019', '1705/9375', 'gmapstone1z@moonfruit.com', '+48 953 484 8416', 'navsteva', 46);
insert into zakaznik (ID_ZAKAZNIK, MENO, PRIEZVISKO, DATUM_NARODENIA, RODNE_CISLO, EMAIL, TELEFONNE_CISLO, DOVOD_CESTY, ID_ADRESA) values (73, 'Caty', 'Chalk', '15.11.2019', '7800/2435', 'cchalk20@businessweek.com', '+63 364 601 5635', 'iny', 50);
insert into zakaznik (ID_ZAKAZNIK, MENO, PRIEZVISKO, DATUM_NARODENIA, RODNE_CISLO, EMAIL, TELEFONNE_CISLO, DOVOD_CESTY, ID_ADRESA) values (74, 'Roxie', 'Castellini', '29.06.2019', '9573/5182', 'rcastellini21@abc.net.au', '+62 731 819 4571', 'praca', 22);
insert into zakaznik (ID_ZAKAZNIK, MENO, PRIEZVISKO, DATUM_NARODENIA, RODNE_CISLO, EMAIL, TELEFONNE_CISLO, DOVOD_CESTY, ID_ADRESA) values (75, 'Ernaline', 'Allsopp', '27.12.2019', '2333/4761', 'eallsopp22@free.fr', '+998 838 548 4558', 'dovolenka', 47);
insert into zakaznik (ID_ZAKAZNIK, MENO, PRIEZVISKO, DATUM_NARODENIA, RODNE_CISLO, EMAIL, TELEFONNE_CISLO, DOVOD_CESTY, ID_ADRESA) values (76, 'Cairistiona', 'Geindre', '10.05.2020', '6857/4662', 'cgeindre23@indiatimes.com', '+62 907 731 1978', 'navsteva', 22);
insert into zakaznik (ID_ZAKAZNIK, MENO, PRIEZVISKO, DATUM_NARODENIA, RODNE_CISLO, EMAIL, TELEFONNE_CISLO, DOVOD_CESTY, ID_ADRESA) values (77, 'Raynell', 'Houndson', '05.04.2020', '9891/1051', 'rhoundson24@hibu.com', '+504 470 689 6162', 'dovolenka', 23);
insert into zakaznik (ID_ZAKAZNIK, MENO, PRIEZVISKO, DATUM_NARODENIA, RODNE_CISLO, EMAIL, TELEFONNE_CISLO, DOVOD_CESTY, ID_ADRESA) values (78, 'Etty', 'Parradice', '04.05.2020', '0564/5132', 'eparradice25@google.com.br', '+381 644 556 5134', 'navsteva', 7);
insert into zakaznik (ID_ZAKAZNIK, MENO, PRIEZVISKO, DATUM_NARODENIA, RODNE_CISLO, EMAIL, TELEFONNE_CISLO, DOVOD_CESTY, ID_ADRESA) values (79, 'Corine', 'Crossthwaite', '19.10.2019', '9250/6145', 'ccrossthwaite26@fema.gov', '+63 175 343 1477', 'navsteva', 70);
insert into zakaznik (ID_ZAKAZNIK, MENO, PRIEZVISKO, DATUM_NARODENIA, RODNE_CISLO, EMAIL, TELEFONNE_CISLO, DOVOD_CESTY, ID_ADRESA) values (80, 'Steffie', 'Tremaine', '26.10.2019', '5818/2464', 'stremaine27@senate.gov', '+86 412 823 5966', 'praca', 59);
insert into zakaznik (ID_ZAKAZNIK, MENO, PRIEZVISKO, DATUM_NARODENIA, RODNE_CISLO, EMAIL, TELEFONNE_CISLO, DOVOD_CESTY, ID_ADRESA) values (81, 'Amber', 'Basnett', '01.11.2019', '7009/4291', 'abasnett28@elegantthemes.com', '+31 770 180 3675', 'navsteva', 30);
insert into zakaznik (ID_ZAKAZNIK, MENO, PRIEZVISKO, DATUM_NARODENIA, RODNE_CISLO, EMAIL, TELEFONNE_CISLO, DOVOD_CESTY, ID_ADRESA) values (82, 'Lexie', 'Battram', '08.10.2019', '1978/6255', 'lbattram29@is.gd', '+33 129 314 2314', 'navsteva', 49);
insert into zakaznik (ID_ZAKAZNIK, MENO, PRIEZVISKO, DATUM_NARODENIA, RODNE_CISLO, EMAIL, TELEFONNE_CISLO, DOVOD_CESTY, ID_ADRESA) values (83, 'Janene', 'Soan', '18.12.2019', '7560/9729', 'jsoan2a@tuttocitta.it', '+967 278 662 0388', 'navsteva', 45);
insert into zakaznik (ID_ZAKAZNIK, MENO, PRIEZVISKO, DATUM_NARODENIA, RODNE_CISLO, EMAIL, TELEFONNE_CISLO, DOVOD_CESTY, ID_ADRESA) values (84, 'Felicdad', 'Attril', '27.09.2019', '7318/6614', 'fattril2b@berkeley.edu', '+63 417 981 3689', 'dovolenka', 74);
insert into zakaznik (ID_ZAKAZNIK, MENO, PRIEZVISKO, DATUM_NARODENIA, RODNE_CISLO, EMAIL, TELEFONNE_CISLO, DOVOD_CESTY, ID_ADRESA) values (85, 'Dollie', 'Petric', '21.10.2019', '8533/3103', 'dpetric2c@foxnews.com', '+62 370 818 0880', 'praca', 84);
insert into zakaznik (ID_ZAKAZNIK, MENO, PRIEZVISKO, DATUM_NARODENIA, RODNE_CISLO, EMAIL, TELEFONNE_CISLO, DOVOD_CESTY, ID_ADRESA) values (86, 'Leodora', 'Matussow', '22.02.2020', '2285/1638', 'lmatussow2d@gov.uk', '+94 591 249 6470', 'iny', 43);
insert into zakaznik (ID_ZAKAZNIK, MENO, PRIEZVISKO, DATUM_NARODENIA, RODNE_CISLO, EMAIL, TELEFONNE_CISLO, DOVOD_CESTY, ID_ADRESA) values (87, 'Lane', 'Tracey', '24.12.2019', '8882/3787', 'ltracey2e@paypal.com', '+1 106 564 2105', 'praca', 76);
insert into zakaznik (ID_ZAKAZNIK, MENO, PRIEZVISKO, DATUM_NARODENIA, RODNE_CISLO, EMAIL, TELEFONNE_CISLO, DOVOD_CESTY, ID_ADRESA) values (88, 'Jaquelyn', 'Mc Carroll', '03.07.2019', '8334/0174', 'jmccarroll2f@tiny.cc', '+994 683 303 2824', 'praca', 8);
insert into zakaznik (ID_ZAKAZNIK, MENO, PRIEZVISKO, DATUM_NARODENIA, RODNE_CISLO, EMAIL, TELEFONNE_CISLO, DOVOD_CESTY, ID_ADRESA) values (89, 'Rachel', 'Azemar', '18.06.2019', '2709/6306', 'razemar2g@homestead.com', '+86 954 656 7102', 'navsteva', 38);
insert into zakaznik (ID_ZAKAZNIK, MENO, PRIEZVISKO, DATUM_NARODENIA, RODNE_CISLO, EMAIL, TELEFONNE_CISLO, DOVOD_CESTY, ID_ADRESA) values (90, 'Em', 'Behling', '15.07.2019', '9743/4105', 'ebehling2h@reverbnation.com', '+86 334 931 3186', 'praca', 2);
insert into zakaznik (ID_ZAKAZNIK, MENO, PRIEZVISKO, DATUM_NARODENIA, RODNE_CISLO, EMAIL, TELEFONNE_CISLO, DOVOD_CESTY, ID_ADRESA) values (91, 'Ariadne', 'Doone', '23.09.2019', '4863/9999', 'adoone2i@opera.com', '+48 144 351 9166', 'navsteva', 64);
insert into zakaznik (ID_ZAKAZNIK, MENO, PRIEZVISKO, DATUM_NARODENIA, RODNE_CISLO, EMAIL, TELEFONNE_CISLO, DOVOD_CESTY, ID_ADRESA) values (92, 'Sioux', 'Guinane', '24.02.2020', '5573/7038', 'sguinane2j@wikimedia.org', '+55 727 728 7453', 'iny', 60);
insert into zakaznik (ID_ZAKAZNIK, MENO, PRIEZVISKO, DATUM_NARODENIA, RODNE_CISLO, EMAIL, TELEFONNE_CISLO, DOVOD_CESTY, ID_ADRESA) values (93, 'Tommie', 'Pidgen', '30.07.2019', '6500/3152', 'tpidgen2k@theatlantic.com', '+234 475 327 3654', 'navsteva', 68);
insert into zakaznik (ID_ZAKAZNIK, MENO, PRIEZVISKO, DATUM_NARODENIA, RODNE_CISLO, EMAIL, TELEFONNE_CISLO, DOVOD_CESTY, ID_ADRESA) values (94, 'Lauryn', 'Purkins', '01.09.2019', '5447/3678', 'lpurkins2l@nhs.uk', '+62 340 451 2835', 'dovolenka', 14);
insert into zakaznik (ID_ZAKAZNIK, MENO, PRIEZVISKO, DATUM_NARODENIA, RODNE_CISLO, EMAIL, TELEFONNE_CISLO, DOVOD_CESTY, ID_ADRESA) values (95, 'Bethany', 'Rockhill', '21.08.2019', '1977/3752', 'brockhill2m@microsoft.com', '+62 294 640 2290', 'dovolenka', 10);
insert into zakaznik (ID_ZAKAZNIK, MENO, PRIEZVISKO, DATUM_NARODENIA, RODNE_CISLO, EMAIL, TELEFONNE_CISLO, DOVOD_CESTY, ID_ADRESA) values (96, 'Josefa', 'Korda', '09.09.2019', '6676/0232', 'jkorda2n@quantcast.com', '+86 226 930 7616', 'iny', 62);
insert into zakaznik (ID_ZAKAZNIK, MENO, PRIEZVISKO, DATUM_NARODENIA, RODNE_CISLO, EMAIL, TELEFONNE_CISLO, DOVOD_CESTY, ID_ADRESA) values (97, 'Cele', 'Stockoe', '26.11.2019', '6799/5437', 'cstockoe2o@vinaora.com', '+86 756 881 0396', 'navsteva', 44);
insert into zakaznik (ID_ZAKAZNIK, MENO, PRIEZVISKO, DATUM_NARODENIA, RODNE_CISLO, EMAIL, TELEFONNE_CISLO, DOVOD_CESTY, ID_ADRESA) values (98, 'Ali', 'Gornar', '01.11.2019', '4765/3398', 'agornar2p@blogtalkradio.com', '+60 815 981 2084', 'iny', 60);
insert into zakaznik (ID_ZAKAZNIK, MENO, PRIEZVISKO, DATUM_NARODENIA, RODNE_CISLO, EMAIL, TELEFONNE_CISLO, DOVOD_CESTY, ID_ADRESA) values (99, 'Babbette', 'Butterworth', '15.07.2019', '1854/5777', 'bbutterworth2q@gnu.org', '+66 528 568 7482', 'navsteva', 27);
insert into zakaznik (ID_ZAKAZNIK, MENO, PRIEZVISKO, DATUM_NARODENIA, RODNE_CISLO, EMAIL, TELEFONNE_CISLO, DOVOD_CESTY, ID_ADRESA) values (100, 'Talya', 'Garratt', '09.05.2020', '1849/2793', 'tgarratt2r@sakura.ne.jp', '+86 879 742 8732', 'navsteva', 82);

insert into hodnotenie (ID_HODNOTENIE, VYSKA_HODNOTENIA, ID_ZAKAZNIK) values (1, 4, 55);
insert into hodnotenie (ID_HODNOTENIE, VYSKA_HODNOTENIA, ID_ZAKAZNIK) values (2, 10, 92);
insert into hodnotenie (ID_HODNOTENIE, VYSKA_HODNOTENIA, ID_ZAKAZNIK) values (3, 9, 91);
insert into hodnotenie (ID_HODNOTENIE, VYSKA_HODNOTENIA, ID_ZAKAZNIK) values (4, 8, 15);
insert into hodnotenie (ID_HODNOTENIE, VYSKA_HODNOTENIA, ID_ZAKAZNIK) values (5, 2, 4);
insert into hodnotenie (ID_HODNOTENIE, VYSKA_HODNOTENIA, ID_ZAKAZNIK) values (6, 8, 76);
insert into hodnotenie (ID_HODNOTENIE, VYSKA_HODNOTENIA, ID_ZAKAZNIK) values (7, 10, 33);
insert into hodnotenie (ID_HODNOTENIE, VYSKA_HODNOTENIA, ID_ZAKAZNIK) values (8, 7, 64);
insert into hodnotenie (ID_HODNOTENIE, VYSKA_HODNOTENIA, ID_ZAKAZNIK) values (9, 10, 72);
insert into hodnotenie (ID_HODNOTENIE, VYSKA_HODNOTENIA, ID_ZAKAZNIK) values (10, 4, 6);
insert into hodnotenie (ID_HODNOTENIE, VYSKA_HODNOTENIA, ID_ZAKAZNIK) values (11, 3, 58);
insert into hodnotenie (ID_HODNOTENIE, VYSKA_HODNOTENIA, ID_ZAKAZNIK) values (12, 6, 11);
insert into hodnotenie (ID_HODNOTENIE, VYSKA_HODNOTENIA, ID_ZAKAZNIK) values (13, 5, 28);
insert into hodnotenie (ID_HODNOTENIE, VYSKA_HODNOTENIA, ID_ZAKAZNIK) values (14, 1, 72);
insert into hodnotenie (ID_HODNOTENIE, VYSKA_HODNOTENIA, ID_ZAKAZNIK) values (15, 10, 71);
insert into hodnotenie (ID_HODNOTENIE, VYSKA_HODNOTENIA, ID_ZAKAZNIK) values (16, 5, 88);
insert into hodnotenie (ID_HODNOTENIE, VYSKA_HODNOTENIA, ID_ZAKAZNIK) values (17, 2, 98);
insert into hodnotenie (ID_HODNOTENIE, VYSKA_HODNOTENIA, ID_ZAKAZNIK) values (18, 2, 56);
insert into hodnotenie (ID_HODNOTENIE, VYSKA_HODNOTENIA, ID_ZAKAZNIK) values (19, 9, 52);
insert into hodnotenie (ID_HODNOTENIE, VYSKA_HODNOTENIA, ID_ZAKAZNIK) values (20, 3, 34);
insert into hodnotenie (ID_HODNOTENIE, VYSKA_HODNOTENIA, ID_ZAKAZNIK) values (21, 7, 69);
insert into hodnotenie (ID_HODNOTENIE, VYSKA_HODNOTENIA, ID_ZAKAZNIK) values (22, 5, 23);
insert into hodnotenie (ID_HODNOTENIE, VYSKA_HODNOTENIA, ID_ZAKAZNIK) values (23, 3, 98);
insert into hodnotenie (ID_HODNOTENIE, VYSKA_HODNOTENIA, ID_ZAKAZNIK) values (24, 2, 100);
insert into hodnotenie (ID_HODNOTENIE, VYSKA_HODNOTENIA, ID_ZAKAZNIK) values (25, 7, 2);
insert into hodnotenie (ID_HODNOTENIE, VYSKA_HODNOTENIA, ID_ZAKAZNIK) values (26, 7, 15);
insert into hodnotenie (ID_HODNOTENIE, VYSKA_HODNOTENIA, ID_ZAKAZNIK) values (27, 10, 47);
insert into hodnotenie (ID_HODNOTENIE, VYSKA_HODNOTENIA, ID_ZAKAZNIK) values (28, 6, 20);
insert into hodnotenie (ID_HODNOTENIE, VYSKA_HODNOTENIA, ID_ZAKAZNIK) values (29, 3, 81);
insert into hodnotenie (ID_HODNOTENIE, VYSKA_HODNOTENIA, ID_ZAKAZNIK) values (30, 6, 53);
insert into hodnotenie (ID_HODNOTENIE, VYSKA_HODNOTENIA, ID_ZAKAZNIK) values (31, 2, 85);
insert into hodnotenie (ID_HODNOTENIE, VYSKA_HODNOTENIA, ID_ZAKAZNIK) values (32, 3, 63);
insert into hodnotenie (ID_HODNOTENIE, VYSKA_HODNOTENIA, ID_ZAKAZNIK) values (33, 4, 94);
insert into hodnotenie (ID_HODNOTENIE, VYSKA_HODNOTENIA, ID_ZAKAZNIK) values (34, 6, 70);
insert into hodnotenie (ID_HODNOTENIE, VYSKA_HODNOTENIA, ID_ZAKAZNIK) values (35, 10, 94);
insert into hodnotenie (ID_HODNOTENIE, VYSKA_HODNOTENIA, ID_ZAKAZNIK) values (36, 6, 32);
insert into hodnotenie (ID_HODNOTENIE, VYSKA_HODNOTENIA, ID_ZAKAZNIK) values (37, 1, 86);
insert into hodnotenie (ID_HODNOTENIE, VYSKA_HODNOTENIA, ID_ZAKAZNIK) values (38, 5, 95);
insert into hodnotenie (ID_HODNOTENIE, VYSKA_HODNOTENIA, ID_ZAKAZNIK) values (39, 9, 71);
insert into hodnotenie (ID_HODNOTENIE, VYSKA_HODNOTENIA, ID_ZAKAZNIK) values (40, 9, 61);
insert into hodnotenie (ID_HODNOTENIE, VYSKA_HODNOTENIA, ID_ZAKAZNIK) values (41, 4, 14);
insert into hodnotenie (ID_HODNOTENIE, VYSKA_HODNOTENIA, ID_ZAKAZNIK) values (42, 3, 99);
insert into hodnotenie (ID_HODNOTENIE, VYSKA_HODNOTENIA, ID_ZAKAZNIK) values (43, 8, 49);
insert into hodnotenie (ID_HODNOTENIE, VYSKA_HODNOTENIA, ID_ZAKAZNIK) values (44, 2, 70);
insert into hodnotenie (ID_HODNOTENIE, VYSKA_HODNOTENIA, ID_ZAKAZNIK) values (45, 7, 60);
insert into hodnotenie (ID_HODNOTENIE, VYSKA_HODNOTENIA, ID_ZAKAZNIK) values (46, 3, 96);
insert into hodnotenie (ID_HODNOTENIE, VYSKA_HODNOTENIA, ID_ZAKAZNIK) values (47, 2, 8);
insert into hodnotenie (ID_HODNOTENIE, VYSKA_HODNOTENIA, ID_ZAKAZNIK) values (48, 1, 80);
insert into hodnotenie (ID_HODNOTENIE, VYSKA_HODNOTENIA, ID_ZAKAZNIK) values (49, 3, 73);
insert into hodnotenie (ID_HODNOTENIE, VYSKA_HODNOTENIA, ID_ZAKAZNIK) values (50, 6, 11);
insert into hodnotenie (ID_HODNOTENIE, VYSKA_HODNOTENIA, ID_ZAKAZNIK) values (51, 5, 86);
insert into hodnotenie (ID_HODNOTENIE, VYSKA_HODNOTENIA, ID_ZAKAZNIK) values (52, 8, 35);
insert into hodnotenie (ID_HODNOTENIE, VYSKA_HODNOTENIA, ID_ZAKAZNIK) values (53, 8, 27);
insert into hodnotenie (ID_HODNOTENIE, VYSKA_HODNOTENIA, ID_ZAKAZNIK) values (54, 5, 63);
insert into hodnotenie (ID_HODNOTENIE, VYSKA_HODNOTENIA, ID_ZAKAZNIK) values (55, 10, 88);
insert into hodnotenie (ID_HODNOTENIE, VYSKA_HODNOTENIA, ID_ZAKAZNIK) values (56, 6, 4);
insert into hodnotenie (ID_HODNOTENIE, VYSKA_HODNOTENIA, ID_ZAKAZNIK) values (57, 8, 12);
insert into hodnotenie (ID_HODNOTENIE, VYSKA_HODNOTENIA, ID_ZAKAZNIK) values (58, 3, 71);
insert into hodnotenie (ID_HODNOTENIE, VYSKA_HODNOTENIA, ID_ZAKAZNIK) values (59, 9, 16);
insert into hodnotenie (ID_HODNOTENIE, VYSKA_HODNOTENIA, ID_ZAKAZNIK) values (60, 3, 51);
insert into hodnotenie (ID_HODNOTENIE, VYSKA_HODNOTENIA, ID_ZAKAZNIK) values (61, 4, 45);
insert into hodnotenie (ID_HODNOTENIE, VYSKA_HODNOTENIA, ID_ZAKAZNIK) values (62, 8, 60);
insert into hodnotenie (ID_HODNOTENIE, VYSKA_HODNOTENIA, ID_ZAKAZNIK) values (63, 2, 25);
insert into hodnotenie (ID_HODNOTENIE, VYSKA_HODNOTENIA, ID_ZAKAZNIK) values (64, 3, 29);
insert into hodnotenie (ID_HODNOTENIE, VYSKA_HODNOTENIA, ID_ZAKAZNIK) values (65, 10, 29);
insert into hodnotenie (ID_HODNOTENIE, VYSKA_HODNOTENIA, ID_ZAKAZNIK) values (66, 1, 93);
insert into hodnotenie (ID_HODNOTENIE, VYSKA_HODNOTENIA, ID_ZAKAZNIK) values (67, 7, 81);
insert into hodnotenie (ID_HODNOTENIE, VYSKA_HODNOTENIA, ID_ZAKAZNIK) values (68, 10, 8);
insert into hodnotenie (ID_HODNOTENIE, VYSKA_HODNOTENIA, ID_ZAKAZNIK) values (69, 6, 35);
insert into hodnotenie (ID_HODNOTENIE, VYSKA_HODNOTENIA, ID_ZAKAZNIK) values (70, 5, 40);
insert into hodnotenie (ID_HODNOTENIE, VYSKA_HODNOTENIA, ID_ZAKAZNIK) values (71, 9, 49);
insert into hodnotenie (ID_HODNOTENIE, VYSKA_HODNOTENIA, ID_ZAKAZNIK) values (72, 4, 66);
insert into hodnotenie (ID_HODNOTENIE, VYSKA_HODNOTENIA, ID_ZAKAZNIK) values (73, 8, 47);
insert into hodnotenie (ID_HODNOTENIE, VYSKA_HODNOTENIA, ID_ZAKAZNIK) values (74, 2, 1);
insert into hodnotenie (ID_HODNOTENIE, VYSKA_HODNOTENIA, ID_ZAKAZNIK) values (75, 7, 22);
insert into hodnotenie (ID_HODNOTENIE, VYSKA_HODNOTENIA, ID_ZAKAZNIK) values (76, 10, 20);
insert into hodnotenie (ID_HODNOTENIE, VYSKA_HODNOTENIA, ID_ZAKAZNIK) values (77, 8, 85);
insert into hodnotenie (ID_HODNOTENIE, VYSKA_HODNOTENIA, ID_ZAKAZNIK) values (78, 10, 31);
insert into hodnotenie (ID_HODNOTENIE, VYSKA_HODNOTENIA, ID_ZAKAZNIK) values (79, 8, 20);
insert into hodnotenie (ID_HODNOTENIE, VYSKA_HODNOTENIA, ID_ZAKAZNIK) values (80, 6, 54);
insert into hodnotenie (ID_HODNOTENIE, VYSKA_HODNOTENIA, ID_ZAKAZNIK) values (81, 10, 54);
insert into hodnotenie (ID_HODNOTENIE, VYSKA_HODNOTENIA, ID_ZAKAZNIK) values (82, 5, 28);
insert into hodnotenie (ID_HODNOTENIE, VYSKA_HODNOTENIA, ID_ZAKAZNIK) values (83, 8, 60);
insert into hodnotenie (ID_HODNOTENIE, VYSKA_HODNOTENIA, ID_ZAKAZNIK) values (84, 7, 20);
insert into hodnotenie (ID_HODNOTENIE, VYSKA_HODNOTENIA, ID_ZAKAZNIK) values (85, 1, 55);
insert into hodnotenie (ID_HODNOTENIE, VYSKA_HODNOTENIA, ID_ZAKAZNIK) values (86, 1, 88);
insert into hodnotenie (ID_HODNOTENIE, VYSKA_HODNOTENIA, ID_ZAKAZNIK) values (87, 10, 85);
insert into hodnotenie (ID_HODNOTENIE, VYSKA_HODNOTENIA, ID_ZAKAZNIK) values (88, 2, 48);
insert into hodnotenie (ID_HODNOTENIE, VYSKA_HODNOTENIA, ID_ZAKAZNIK) values (89, 4, 74);
insert into hodnotenie (ID_HODNOTENIE, VYSKA_HODNOTENIA, ID_ZAKAZNIK) values (90, 7, 14);
insert into hodnotenie (ID_HODNOTENIE, VYSKA_HODNOTENIA, ID_ZAKAZNIK) values (91, 1, 100);
insert into hodnotenie (ID_HODNOTENIE, VYSKA_HODNOTENIA, ID_ZAKAZNIK) values (92, 1, 68);
insert into hodnotenie (ID_HODNOTENIE, VYSKA_HODNOTENIA, ID_ZAKAZNIK) values (93, 9, 1);
insert into hodnotenie (ID_HODNOTENIE, VYSKA_HODNOTENIA, ID_ZAKAZNIK) values (94, 10, 71);
insert into hodnotenie (ID_HODNOTENIE, VYSKA_HODNOTENIA, ID_ZAKAZNIK) values (95, 5, 86);
insert into hodnotenie (ID_HODNOTENIE, VYSKA_HODNOTENIA, ID_ZAKAZNIK) values (96, 7, 40);
insert into hodnotenie (ID_HODNOTENIE, VYSKA_HODNOTENIA, ID_ZAKAZNIK) values (97, 2, 91);
insert into hodnotenie (ID_HODNOTENIE, VYSKA_HODNOTENIA, ID_ZAKAZNIK) values (98, 6, 92);
insert into hodnotenie (ID_HODNOTENIE, VYSKA_HODNOTENIA, ID_ZAKAZNIK) values (99, 10, 97);
insert into hodnotenie (ID_HODNOTENIE, VYSKA_HODNOTENIA, ID_ZAKAZNIK) values (100, 4, 51);



insert into typ_letenka (ID_TYP, NAZOV_LETENKA) values (1, 'dospely');
insert into typ_letenka (ID_TYP, NAZOV_LETENKA) values (2, 'dochodca');
insert into typ_letenka (ID_TYP, NAZOV_LETENKA) values (3, 'dieta');
insert into typ_letenka (ID_TYP, NAZOV_LETENKA) values (4, 'dochodca');
insert into typ_letenka (ID_TYP, NAZOV_LETENKA) values (5, 'dieta');
insert into typ_letenka (ID_TYP, NAZOV_LETENKA) values (6, 'dochodca');
insert into typ_letenka (ID_TYP, NAZOV_LETENKA) values (7, 'dochodca');
insert into typ_letenka (ID_TYP, NAZOV_LETENKA) values (8, 'dospely');
insert into typ_letenka (ID_TYP, NAZOV_LETENKA) values (9, 'student');
insert into typ_letenka (ID_TYP, NAZOV_LETENKA) values (10, 'dospely');
insert into typ_letenka (ID_TYP, NAZOV_LETENKA) values (11, 'dospely');
insert into typ_letenka (ID_TYP, NAZOV_LETENKA) values (12, 'dospely');
insert into typ_letenka (ID_TYP, NAZOV_LETENKA) values (13, 'dochodca');
insert into typ_letenka (ID_TYP, NAZOV_LETENKA) values (14, 'student');
insert into typ_letenka (ID_TYP, NAZOV_LETENKA) values (15, 'student');
insert into typ_letenka (ID_TYP, NAZOV_LETENKA) values (16, 'dochodca');
insert into typ_letenka (ID_TYP, NAZOV_LETENKA) values (17, 'dochodca');
insert into typ_letenka (ID_TYP, NAZOV_LETENKA) values (18, 'dochodca');
insert into typ_letenka (ID_TYP, NAZOV_LETENKA) values (19, 'dieta');
insert into typ_letenka (ID_TYP, NAZOV_LETENKA) values (20, 'dochodca');
insert into typ_letenka (ID_TYP, NAZOV_LETENKA) values (21, 'dochodca');
insert into typ_letenka (ID_TYP, NAZOV_LETENKA) values (22, 'dochodca');
insert into typ_letenka (ID_TYP, NAZOV_LETENKA) values (23, 'dospely');
insert into typ_letenka (ID_TYP, NAZOV_LETENKA) values (24, 'dochodca');
insert into typ_letenka (ID_TYP, NAZOV_LETENKA) values (25, 'dochodca');
insert into typ_letenka (ID_TYP, NAZOV_LETENKA) values (26, 'dochodca');
insert into typ_letenka (ID_TYP, NAZOV_LETENKA) values (27, 'dieta');
insert into typ_letenka (ID_TYP, NAZOV_LETENKA) values (28, 'dochodca');
insert into typ_letenka (ID_TYP, NAZOV_LETENKA) values (29, 'dochodca');
insert into typ_letenka (ID_TYP, NAZOV_LETENKA) values (30, 'dochodca');
insert into typ_letenka (ID_TYP, NAZOV_LETENKA) values (31, 'dieta');
insert into typ_letenka (ID_TYP, NAZOV_LETENKA) values (32, 'dochodca');
insert into typ_letenka (ID_TYP, NAZOV_LETENKA) values (33, 'dochodca');
insert into typ_letenka (ID_TYP, NAZOV_LETENKA) values (34, 'dospely');
insert into typ_letenka (ID_TYP, NAZOV_LETENKA) values (35, 'dochodca');
insert into typ_letenka (ID_TYP, NAZOV_LETENKA) values (36, 'dochodca');
insert into typ_letenka (ID_TYP, NAZOV_LETENKA) values (37, 'dochodca');
insert into typ_letenka (ID_TYP, NAZOV_LETENKA) values (38, 'dospely');
insert into typ_letenka (ID_TYP, NAZOV_LETENKA) values (39, 'dospely');
insert into typ_letenka (ID_TYP, NAZOV_LETENKA) values (40, 'student');
insert into typ_letenka (ID_TYP, NAZOV_LETENKA) values (41, 'dochodca');
insert into typ_letenka (ID_TYP, NAZOV_LETENKA) values (42, 'dochodca');
insert into typ_letenka (ID_TYP, NAZOV_LETENKA) values (43, 'dochodca');
insert into typ_letenka (ID_TYP, NAZOV_LETENKA) values (44, 'dochodca');
insert into typ_letenka (ID_TYP, NAZOV_LETENKA) values (45, 'dospely');
insert into typ_letenka (ID_TYP, NAZOV_LETENKA) values (46, 'dochodca');
insert into typ_letenka (ID_TYP, NAZOV_LETENKA) values (47, 'dochodca');
insert into typ_letenka (ID_TYP, NAZOV_LETENKA) values (48, 'dochodca');
insert into typ_letenka (ID_TYP, NAZOV_LETENKA) values (49, 'dochodca');
insert into typ_letenka (ID_TYP, NAZOV_LETENKA) values (50, 'dochodca');
insert into typ_letenka (ID_TYP, NAZOV_LETENKA) values (51, 'dieta');
insert into typ_letenka (ID_TYP, NAZOV_LETENKA) values (52, 'dieta');
insert into typ_letenka (ID_TYP, NAZOV_LETENKA) values (53, 'dochodca');
insert into typ_letenka (ID_TYP, NAZOV_LETENKA) values (54, 'dochodca');
insert into typ_letenka (ID_TYP, NAZOV_LETENKA) values (55, 'dospely');
insert into typ_letenka (ID_TYP, NAZOV_LETENKA) values (56, 'dochodca');
insert into typ_letenka (ID_TYP, NAZOV_LETENKA) values (57, 'dochodca');
insert into typ_letenka (ID_TYP, NAZOV_LETENKA) values (58, 'dochodca');
insert into typ_letenka (ID_TYP, NAZOV_LETENKA) values (59, 'dospely');
insert into typ_letenka (ID_TYP, NAZOV_LETENKA) values (60, 'dospely');
insert into typ_letenka (ID_TYP, NAZOV_LETENKA) values (61, 'dochodca');
insert into typ_letenka (ID_TYP, NAZOV_LETENKA) values (62, 'dochodca');
insert into typ_letenka (ID_TYP, NAZOV_LETENKA) values (63, 'student');
insert into typ_letenka (ID_TYP, NAZOV_LETENKA) values (64, 'dieta');
insert into typ_letenka (ID_TYP, NAZOV_LETENKA) values (65, 'dospely');
insert into typ_letenka (ID_TYP, NAZOV_LETENKA) values (66, 'dochodca');
insert into typ_letenka (ID_TYP, NAZOV_LETENKA) values (67, 'dochodca');
insert into typ_letenka (ID_TYP, NAZOV_LETENKA) values (68, 'dospely');
insert into typ_letenka (ID_TYP, NAZOV_LETENKA) values (69, 'dospely');
insert into typ_letenka (ID_TYP, NAZOV_LETENKA) values (70, 'dochodca');
insert into typ_letenka (ID_TYP, NAZOV_LETENKA) values (71, 'student');
insert into typ_letenka (ID_TYP, NAZOV_LETENKA) values (72, 'dochodca');
insert into typ_letenka (ID_TYP, NAZOV_LETENKA) values (73, 'dochodca');
insert into typ_letenka (ID_TYP, NAZOV_LETENKA) values (74, 'dochodca');
insert into typ_letenka (ID_TYP, NAZOV_LETENKA) values (75, 'dochodca');
insert into typ_letenka (ID_TYP, NAZOV_LETENKA) values (76, 'student');
insert into typ_letenka (ID_TYP, NAZOV_LETENKA) values (77, 'student');
insert into typ_letenka (ID_TYP, NAZOV_LETENKA) values (78, 'student');
insert into typ_letenka (ID_TYP, NAZOV_LETENKA) values (79, 'dieta');
insert into typ_letenka (ID_TYP, NAZOV_LETENKA) values (80, 'dochodca');
insert into typ_letenka (ID_TYP, NAZOV_LETENKA) values (81, 'dieta');
insert into typ_letenka (ID_TYP, NAZOV_LETENKA) values (82, 'dospely');
insert into typ_letenka (ID_TYP, NAZOV_LETENKA) values (83, 'dochodca');
insert into typ_letenka (ID_TYP, NAZOV_LETENKA) values (84, 'dochodca');
insert into typ_letenka (ID_TYP, NAZOV_LETENKA) values (85, 'dochodca');
insert into typ_letenka (ID_TYP, NAZOV_LETENKA) values (86, 'dochodca');
insert into typ_letenka (ID_TYP, NAZOV_LETENKA) values (87, 'dochodca');
insert into typ_letenka (ID_TYP, NAZOV_LETENKA) values (88, 'dospely');
insert into typ_letenka (ID_TYP, NAZOV_LETENKA) values (89, 'student');
insert into typ_letenka (ID_TYP, NAZOV_LETENKA) values (90, 'dochodca');
insert into typ_letenka (ID_TYP, NAZOV_LETENKA) values (91, 'dochodca');
insert into typ_letenka (ID_TYP, NAZOV_LETENKA) values (92, 'dochodca');
insert into typ_letenka (ID_TYP, NAZOV_LETENKA) values (93, 'dochodca');
insert into typ_letenka (ID_TYP, NAZOV_LETENKA) values (94, 'dochodca');
insert into typ_letenka (ID_TYP, NAZOV_LETENKA) values (95, 'dospely');
insert into typ_letenka (ID_TYP, NAZOV_LETENKA) values (96, 'dospely');
insert into typ_letenka (ID_TYP, NAZOV_LETENKA) values (97, 'dospely');
insert into typ_letenka (ID_TYP, NAZOV_LETENKA) values (98, 'dochodca');
insert into typ_letenka (ID_TYP, NAZOV_LETENKA) values (99, 'dospely');
insert into typ_letenka (ID_TYP, NAZOV_LETENKA) values (100, 'dochodca');

insert into let (ID_LET, TYP_LET, PRESTUPNOST) values (1, 'medzistatny', 'neprestupny');
insert into let (ID_LET, TYP_LET, PRESTUPNOST) values (2, 'vnutrozemny', 'neprestupny');
insert into let (ID_LET, TYP_LET, PRESTUPNOST) values (3, 'transkontinentalny', 'prestupny');
insert into let (ID_LET, TYP_LET, PRESTUPNOST) values (4, 'transkontinentalny', 'prestupny');
insert into let (ID_LET, TYP_LET, PRESTUPNOST) values (5, 'medzistatny', 'neprestupny');
insert into let (ID_LET, TYP_LET, PRESTUPNOST) values (6, 'medzistatny', 'neprestupny');
insert into let (ID_LET, TYP_LET, PRESTUPNOST) values (7, 'medzistatny', 'neprestupny');
insert into let (ID_LET, TYP_LET, PRESTUPNOST) values (8, 'medzistatny', 'prestupny');
insert into let (ID_LET, TYP_LET, PRESTUPNOST) values (9, 'vnutrozemny', 'prestupny');
insert into let (ID_LET, TYP_LET, PRESTUPNOST) values (10, 'transkontinentalny', 'neprestupny');
insert into let (ID_LET, TYP_LET, PRESTUPNOST) values (11, 'vnutrozemny', 'prestupny');
insert into let (ID_LET, TYP_LET, PRESTUPNOST) values (12, 'vnutrozemny', 'neprestupny');
insert into let (ID_LET, TYP_LET, PRESTUPNOST) values (13, 'vnutrozemny', 'prestupny');
insert into let (ID_LET, TYP_LET, PRESTUPNOST) values (14, 'vnutrozemny', 'neprestupny');
insert into let (ID_LET, TYP_LET, PRESTUPNOST) values (15, 'vnutrozemny', 'prestupny');
insert into let (ID_LET, TYP_LET, PRESTUPNOST) values (16, 'vnutrozemny', 'neprestupny');
insert into let (ID_LET, TYP_LET, PRESTUPNOST) values (17, 'vnutrozemny', 'neprestupny');
insert into let (ID_LET, TYP_LET, PRESTUPNOST) values (18, 'vnutrozemny', 'neprestupny');
insert into let (ID_LET, TYP_LET, PRESTUPNOST) values (19, 'medzistatny', 'prestupny');
insert into let (ID_LET, TYP_LET, PRESTUPNOST) values (20, 'vnutrozemny', 'prestupny');
insert into let (ID_LET, TYP_LET, PRESTUPNOST) values (21, 'vnutrozemny', 'neprestupny');
insert into let (ID_LET, TYP_LET, PRESTUPNOST) values (22, 'transkontinentalny', 'neprestupny');
insert into let (ID_LET, TYP_LET, PRESTUPNOST) values (23, 'transkontinentalny', 'prestupny');
insert into let (ID_LET, TYP_LET, PRESTUPNOST) values (24, 'medzistatny', 'prestupny');
insert into let (ID_LET, TYP_LET, PRESTUPNOST) values (25, 'medzistatny', 'neprestupny');
insert into let (ID_LET, TYP_LET, PRESTUPNOST) values (26, 'medzistatny', 'neprestupny');
insert into let (ID_LET, TYP_LET, PRESTUPNOST) values (27, 'vnutrozemny', 'prestupny');
insert into let (ID_LET, TYP_LET, PRESTUPNOST) values (28, 'transkontinentalny', 'prestupny');
insert into let (ID_LET, TYP_LET, PRESTUPNOST) values (29, 'transkontinentalny', 'neprestupny');
insert into let (ID_LET, TYP_LET, PRESTUPNOST) values (30, 'vnutrozemny', 'neprestupny');
insert into let (ID_LET, TYP_LET, PRESTUPNOST) values (31, 'vnutrozemny', 'neprestupny');
insert into let (ID_LET, TYP_LET, PRESTUPNOST) values (32, 'transkontinentalny', 'prestupny');
insert into let (ID_LET, TYP_LET, PRESTUPNOST) values (33, 'transkontinentalny', 'neprestupny');
insert into let (ID_LET, TYP_LET, PRESTUPNOST) values (34, 'vnutrozemny', 'prestupny');
insert into let (ID_LET, TYP_LET, PRESTUPNOST) values (35, 'vnutrozemny', 'prestupny');
insert into let (ID_LET, TYP_LET, PRESTUPNOST) values (36, 'medzistatny', 'prestupny');
insert into let (ID_LET, TYP_LET, PRESTUPNOST) values (37, 'vnutrozemny', 'neprestupny');
insert into let (ID_LET, TYP_LET, PRESTUPNOST) values (38, 'vnutrozemny', 'neprestupny');
insert into let (ID_LET, TYP_LET, PRESTUPNOST) values (39, 'transkontinentalny', 'prestupny');
insert into let (ID_LET, TYP_LET, PRESTUPNOST) values (40, 'transkontinentalny', 'prestupny');
insert into let (ID_LET, TYP_LET, PRESTUPNOST) values (41, 'transkontinentalny', 'neprestupny');
insert into let (ID_LET, TYP_LET, PRESTUPNOST) values (42, 'transkontinentalny', 'prestupny');
insert into let (ID_LET, TYP_LET, PRESTUPNOST) values (43, 'vnutrozemny', 'neprestupny');
insert into let (ID_LET, TYP_LET, PRESTUPNOST) values (44, 'transkontinentalny', 'neprestupny');
insert into let (ID_LET, TYP_LET, PRESTUPNOST) values (45, 'transkontinentalny', 'prestupny');
insert into let (ID_LET, TYP_LET, PRESTUPNOST) values (46, 'vnutrozemny', 'neprestupny');
insert into let (ID_LET, TYP_LET, PRESTUPNOST) values (47, 'vnutrozemny', 'prestupny');
insert into let (ID_LET, TYP_LET, PRESTUPNOST) values (48, 'transkontinentalny', 'prestupny');
insert into let (ID_LET, TYP_LET, PRESTUPNOST) values (49, 'transkontinentalny', 'prestupny');
insert into let (ID_LET, TYP_LET, PRESTUPNOST) values (50, 'medzistatny', 'neprestupny');
insert into let (ID_LET, TYP_LET, PRESTUPNOST) values (51, 'vnutrozemny', 'neprestupny');
insert into let (ID_LET, TYP_LET, PRESTUPNOST) values (52, 'transkontinentalny', 'prestupny');
insert into let (ID_LET, TYP_LET, PRESTUPNOST) values (53, 'vnutrozemny', 'prestupny');
insert into let (ID_LET, TYP_LET, PRESTUPNOST) values (54, 'medzistatny', 'neprestupny');
insert into let (ID_LET, TYP_LET, PRESTUPNOST) values (55, 'vnutrozemny', 'prestupny');
insert into let (ID_LET, TYP_LET, PRESTUPNOST) values (56, 'transkontinentalny', 'neprestupny');
insert into let (ID_LET, TYP_LET, PRESTUPNOST) values (57, 'transkontinentalny', 'neprestupny');
insert into let (ID_LET, TYP_LET, PRESTUPNOST) values (58, 'transkontinentalny', 'neprestupny');
insert into let (ID_LET, TYP_LET, PRESTUPNOST) values (59, 'vnutrozemny', 'prestupny');
insert into let (ID_LET, TYP_LET, PRESTUPNOST) values (60, 'vnutrozemny', 'neprestupny');
insert into let (ID_LET, TYP_LET, PRESTUPNOST) values (61, 'vnutrozemny', 'prestupny');
insert into let (ID_LET, TYP_LET, PRESTUPNOST) values (62, 'vnutrozemny', 'neprestupny');
insert into let (ID_LET, TYP_LET, PRESTUPNOST) values (63, 'transkontinentalny', 'prestupny');
insert into let (ID_LET, TYP_LET, PRESTUPNOST) values (64, 'medzistatny', 'neprestupny');
insert into let (ID_LET, TYP_LET, PRESTUPNOST) values (65, 'medzistatny', 'neprestupny');
insert into let (ID_LET, TYP_LET, PRESTUPNOST) values (66, 'transkontinentalny', 'prestupny');
insert into let (ID_LET, TYP_LET, PRESTUPNOST) values (67, 'vnutrozemny', 'neprestupny');
insert into let (ID_LET, TYP_LET, PRESTUPNOST) values (68, 'vnutrozemny', 'prestupny');
insert into let (ID_LET, TYP_LET, PRESTUPNOST) values (69, 'medzistatny', 'prestupny');
insert into let (ID_LET, TYP_LET, PRESTUPNOST) values (70, 'vnutrozemny', 'prestupny');
insert into let (ID_LET, TYP_LET, PRESTUPNOST) values (71, 'medzistatny', 'prestupny');
insert into let (ID_LET, TYP_LET, PRESTUPNOST) values (72, 'medzistatny', 'prestupny');
insert into let (ID_LET, TYP_LET, PRESTUPNOST) values (73, 'transkontinentalny', 'neprestupny');
insert into let (ID_LET, TYP_LET, PRESTUPNOST) values (74, 'medzistatny', 'neprestupny');
insert into let (ID_LET, TYP_LET, PRESTUPNOST) values (75, 'vnutrozemny', 'neprestupny');
insert into let (ID_LET, TYP_LET, PRESTUPNOST) values (76, 'medzistatny', 'neprestupny');
insert into let (ID_LET, TYP_LET, PRESTUPNOST) values (77, 'vnutrozemny', 'neprestupny');
insert into let (ID_LET, TYP_LET, PRESTUPNOST) values (78, 'vnutrozemny', 'neprestupny');
insert into let (ID_LET, TYP_LET, PRESTUPNOST) values (79, 'transkontinentalny', 'prestupny');
insert into let (ID_LET, TYP_LET, PRESTUPNOST) values (80, 'vnutrozemny', 'prestupny');
insert into let (ID_LET, TYP_LET, PRESTUPNOST) values (81, 'transkontinentalny', 'prestupny');
insert into let (ID_LET, TYP_LET, PRESTUPNOST) values (82, 'vnutrozemny', 'neprestupny');
insert into let (ID_LET, TYP_LET, PRESTUPNOST) values (83, 'vnutrozemny', 'prestupny');
insert into let (ID_LET, TYP_LET, PRESTUPNOST) values (84, 'vnutrozemny', 'prestupny');
insert into let (ID_LET, TYP_LET, PRESTUPNOST) values (85, 'vnutrozemny', 'neprestupny');
insert into let (ID_LET, TYP_LET, PRESTUPNOST) values (86, 'vnutrozemny', 'prestupny');
insert into let (ID_LET, TYP_LET, PRESTUPNOST) values (87, 'transkontinentalny', 'prestupny');
insert into let (ID_LET, TYP_LET, PRESTUPNOST) values (88, 'vnutrozemny', 'prestupny');
insert into let (ID_LET, TYP_LET, PRESTUPNOST) values (89, 'vnutrozemny', 'prestupny');
insert into let (ID_LET, TYP_LET, PRESTUPNOST) values (90, 'transkontinentalny', 'neprestupny');
insert into let (ID_LET, TYP_LET, PRESTUPNOST) values (91, 'medzistatny', 'prestupny');
insert into let (ID_LET, TYP_LET, PRESTUPNOST) values (92, 'medzistatny', 'prestupny');
insert into let (ID_LET, TYP_LET, PRESTUPNOST) values (93, 'vnutrozemny', 'prestupny');
insert into let (ID_LET, TYP_LET, PRESTUPNOST) values (94, 'vnutrozemny', 'neprestupny');
insert into let (ID_LET, TYP_LET, PRESTUPNOST) values (95, 'transkontinentalny', 'prestupny');
insert into let (ID_LET, TYP_LET, PRESTUPNOST) values (96, 'transkontinentalny', 'neprestupny');
insert into let (ID_LET, TYP_LET, PRESTUPNOST) values (97, 'vnutrozemny', 'neprestupny');
insert into let (ID_LET, TYP_LET, PRESTUPNOST) values (98, 'vnutrozemny', 'prestupny');
insert into let (ID_LET, TYP_LET, PRESTUPNOST) values (99, 'vnutrozemny', 'neprestupny');
insert into let (ID_LET, TYP_LET, PRESTUPNOST) values (100, 'vnutrozemny', 'prestupny');

insert into destinacia (ID_DESTINACIA, NAZOV_DESTINACIA, MESTO, STAT) values (1, 'Konklux', 'Borovany', 'Czech Republic');
insert into destinacia (ID_DESTINACIA, NAZOV_DESTINACIA, MESTO, STAT) values (2, 'Namfix', 'Gaigeturi', 'South Korea');
insert into destinacia (ID_DESTINACIA, NAZOV_DESTINACIA, MESTO, STAT) values (3, 'Quo Lux', 'Bantar', 'Indonesia');
insert into destinacia (ID_DESTINACIA, NAZOV_DESTINACIA, MESTO, STAT) values (4, 'Sub-Ex', 'Toulon', 'France');
insert into destinacia (ID_DESTINACIA, NAZOV_DESTINACIA, MESTO, STAT) values (5, 'It', 'Blois', 'France');
insert into destinacia (ID_DESTINACIA, NAZOV_DESTINACIA, MESTO, STAT) values (6, 'Alphazap', 'Warudoyong', 'Indonesia');
insert into destinacia (ID_DESTINACIA, NAZOV_DESTINACIA, MESTO, STAT) values (7, 'Bytecard', 'Apitong', 'Philippines');
insert into destinacia (ID_DESTINACIA, NAZOV_DESTINACIA, MESTO, STAT) values (8, 'Zontrax', 'Louta', 'China');
insert into destinacia (ID_DESTINACIA, NAZOV_DESTINACIA, MESTO, STAT) values (9, 'Sonair', 'Liushui', 'China');
insert into destinacia (ID_DESTINACIA, NAZOV_DESTINACIA, MESTO, STAT) values (10, 'Trippledex', 'Guandi', 'China');
insert into destinacia (ID_DESTINACIA, NAZOV_DESTINACIA, MESTO, STAT) values (11, 'Zathin', 'Zhenqian', 'China');
insert into destinacia (ID_DESTINACIA, NAZOV_DESTINACIA, MESTO, STAT) values (12, 'Flowdesk', 'Tytuveneliai', 'Lithuania');
insert into destinacia (ID_DESTINACIA, NAZOV_DESTINACIA, MESTO, STAT) values (13, 'Lotlux', 'Ngembel', 'Indonesia');
insert into destinacia (ID_DESTINACIA, NAZOV_DESTINACIA, MESTO, STAT) values (14, 'Sonair', 'Namora', 'Peru');
insert into destinacia (ID_DESTINACIA, NAZOV_DESTINACIA, MESTO, STAT) values (15, 'Fintone', 'Santa Cruz da Graciosa', 'Portugal');
insert into destinacia (ID_DESTINACIA, NAZOV_DESTINACIA, MESTO, STAT) values (16, 'Tres-Zap', 'Stord', 'Norway');
insert into destinacia (ID_DESTINACIA, NAZOV_DESTINACIA, MESTO, STAT) values (17, 'Pannier', 'North Perth', 'Canada');
insert into destinacia (ID_DESTINACIA, NAZOV_DESTINACIA, MESTO, STAT) values (18, 'Overhold', 'Ballinroad', 'Ireland');
insert into destinacia (ID_DESTINACIA, NAZOV_DESTINACIA, MESTO, STAT) values (19, 'Bytecard', 'Ventersburg', 'South Africa');
insert into destinacia (ID_DESTINACIA, NAZOV_DESTINACIA, MESTO, STAT) values (20, 'Opela', 'Lordelo', 'Portugal');
insert into destinacia (ID_DESTINACIA, NAZOV_DESTINACIA, MESTO, STAT) values (21, 'Fintone', 'Raglan', 'New Zealand');
insert into destinacia (ID_DESTINACIA, NAZOV_DESTINACIA, MESTO, STAT) values (22, 'Span', 'Heishui', 'China');
insert into destinacia (ID_DESTINACIA, NAZOV_DESTINACIA, MESTO, STAT) values (23, 'Keylex', 'Maulavi Bazar', 'Bangladesh');
insert into destinacia (ID_DESTINACIA, NAZOV_DESTINACIA, MESTO, STAT) values (24, 'Kanlam', 'Rebe', 'Philippines');
insert into destinacia (ID_DESTINACIA, NAZOV_DESTINACIA, MESTO, STAT) values (25, 'Job', 'Praingkareha', 'Indonesia');
insert into destinacia (ID_DESTINACIA, NAZOV_DESTINACIA, MESTO, STAT) values (26, 'Zathin', 'Nishinoomote', 'Japan');
insert into destinacia (ID_DESTINACIA, NAZOV_DESTINACIA, MESTO, STAT) values (27, 'Bitwolf', 'Dortmund', 'Germany');
insert into destinacia (ID_DESTINACIA, NAZOV_DESTINACIA, MESTO, STAT) values (28, 'Voyatouch', 'Sahline', 'Tunisia');
insert into destinacia (ID_DESTINACIA, NAZOV_DESTINACIA, MESTO, STAT) values (29, 'Mat Lam Tam', 'Sevan', 'Armenia');
insert into destinacia (ID_DESTINACIA, NAZOV_DESTINACIA, MESTO, STAT) values (30, 'Stronghold', 'Coromandel', 'Brazil');
insert into destinacia (ID_DESTINACIA, NAZOV_DESTINACIA, MESTO, STAT) values (31, 'Voyatouch', 'Baimi', 'China');
insert into destinacia (ID_DESTINACIA, NAZOV_DESTINACIA, MESTO, STAT) values (32, 'Overhold', 'Réo', 'Burkina Faso');
insert into destinacia (ID_DESTINACIA, NAZOV_DESTINACIA, MESTO, STAT) values (33, 'Otcom', 'Amper', 'Nigeria');
insert into destinacia (ID_DESTINACIA, NAZOV_DESTINACIA, MESTO, STAT) values (34, 'Span', 'Palompon', 'Philippines');
insert into destinacia (ID_DESTINACIA, NAZOV_DESTINACIA, MESTO, STAT) values (35, 'Subin', 'Xiaojie', 'China');
insert into destinacia (ID_DESTINACIA, NAZOV_DESTINACIA, MESTO, STAT) values (36, 'Pannier', 'Tapan', 'Indonesia');
insert into destinacia (ID_DESTINACIA, NAZOV_DESTINACIA, MESTO, STAT) values (37, 'Gembucket', 'Ayo', 'Peru');
insert into destinacia (ID_DESTINACIA, NAZOV_DESTINACIA, MESTO, STAT) values (38, 'Tres-Zap', 'San Antonio', 'Honduras');
insert into destinacia (ID_DESTINACIA, NAZOV_DESTINACIA, MESTO, STAT) values (39, 'Redhold', 'Princeton', 'Canada');
insert into destinacia (ID_DESTINACIA, NAZOV_DESTINACIA, MESTO, STAT) values (40, 'Y-Solowarm', 'Carumas', 'Peru');
insert into destinacia (ID_DESTINACIA, NAZOV_DESTINACIA, MESTO, STAT) values (41, 'Ventosanzap', 'Tlogowungu', 'Indonesia');
insert into destinacia (ID_DESTINACIA, NAZOV_DESTINACIA, MESTO, STAT) values (42, 'Vagram', 'Calaya', 'Philippines');
insert into destinacia (ID_DESTINACIA, NAZOV_DESTINACIA, MESTO, STAT) values (43, 'Ronstring', 'Sewon', 'Indonesia');
insert into destinacia (ID_DESTINACIA, NAZOV_DESTINACIA, MESTO, STAT) values (44, 'Transcof', 'Avignon', 'France');
insert into destinacia (ID_DESTINACIA, NAZOV_DESTINACIA, MESTO, STAT) values (45, 'Biodex', 'Lady Frere', 'South Africa');
insert into destinacia (ID_DESTINACIA, NAZOV_DESTINACIA, MESTO, STAT) values (46, 'Subin', 'Nalbandyan', 'Armenia');
insert into destinacia (ID_DESTINACIA, NAZOV_DESTINACIA, MESTO, STAT) values (47, 'Aerified', 'Tangwu', 'China');
insert into destinacia (ID_DESTINACIA, NAZOV_DESTINACIA, MESTO, STAT) values (48, 'Y-find', 'Stavanger', 'Norway');
insert into destinacia (ID_DESTINACIA, NAZOV_DESTINACIA, MESTO, STAT) values (49, 'Solarbreeze', 'Novi Bilokorovychi', 'Ukraine');
insert into destinacia (ID_DESTINACIA, NAZOV_DESTINACIA, MESTO, STAT) values (50, 'Bamity', 'Castro Barros', 'Argentina');

insert into DESTINACIAV1 (ID_LET, ID_DESTINACIA) values (1, 50);
insert into DESTINACIAV1 (ID_LET, ID_DESTINACIA) values (2, 24);
insert into DESTINACIAV1 (ID_LET, ID_DESTINACIA) values (3, 35);
insert into DESTINACIAV1 (ID_LET, ID_DESTINACIA) values (4, 46);
insert into DESTINACIAV1 (ID_LET, ID_DESTINACIA) values (5, 46);
insert into DESTINACIAV1 (ID_LET, ID_DESTINACIA) values (6, 14);
insert into DESTINACIAV1 (ID_LET, ID_DESTINACIA) values (7, 18);
insert into DESTINACIAV1 (ID_LET, ID_DESTINACIA) values (8, 22);
insert into DESTINACIAV1 (ID_LET, ID_DESTINACIA) values (9, 7);
insert into DESTINACIAV1 (ID_LET, ID_DESTINACIA) values (10, 19);
insert into DESTINACIAV1 (ID_LET, ID_DESTINACIA) values (11, 21);
insert into DESTINACIAV1 (ID_LET, ID_DESTINACIA) values (12, 21);
insert into DESTINACIAV1 (ID_LET, ID_DESTINACIA) values (13, 1);
insert into DESTINACIAV1 (ID_LET, ID_DESTINACIA) values (14, 42);
insert into DESTINACIAV1 (ID_LET, ID_DESTINACIA) values (15, 29);
insert into DESTINACIAV1 (ID_LET, ID_DESTINACIA) values (16, 23);
insert into DESTINACIAV1 (ID_LET, ID_DESTINACIA) values (17, 18);
insert into DESTINACIAV1 (ID_LET, ID_DESTINACIA) values (18, 43);
insert into DESTINACIAV1 (ID_LET, ID_DESTINACIA) values (19, 42);
insert into DESTINACIAV1 (ID_LET, ID_DESTINACIA) values (20, 34);
insert into DESTINACIAV1 (ID_LET, ID_DESTINACIA) values (21, 30);
insert into DESTINACIAV1 (ID_LET, ID_DESTINACIA) values (22, 13);
insert into DESTINACIAV1 (ID_LET, ID_DESTINACIA) values (23, 11);
insert into DESTINACIAV1 (ID_LET, ID_DESTINACIA) values (24, 48);
insert into DESTINACIAV1 (ID_LET, ID_DESTINACIA) values (25, 33);
insert into DESTINACIAV1 (ID_LET, ID_DESTINACIA) values (26, 3);
insert into DESTINACIAV1 (ID_LET, ID_DESTINACIA) values (27, 30);
insert into DESTINACIAV1 (ID_LET, ID_DESTINACIA) values (28, 20);
insert into DESTINACIAV1 (ID_LET, ID_DESTINACIA) values (29, 34);
insert into DESTINACIAV1 (ID_LET, ID_DESTINACIA) values (30, 17);
insert into DESTINACIAV1 (ID_LET, ID_DESTINACIA) values (31, 17);
insert into DESTINACIAV1 (ID_LET, ID_DESTINACIA) values (32, 49);
insert into DESTINACIAV1 (ID_LET, ID_DESTINACIA) values (33, 13);
insert into DESTINACIAV1 (ID_LET, ID_DESTINACIA) values (34, 46);
insert into DESTINACIAV1 (ID_LET, ID_DESTINACIA) values (35, 6);
insert into DESTINACIAV1 (ID_LET, ID_DESTINACIA) values (36, 14);
insert into DESTINACIAV1 (ID_LET, ID_DESTINACIA) values (37, 21);
insert into DESTINACIAV1 (ID_LET, ID_DESTINACIA) values (38, 12);
insert into DESTINACIAV1 (ID_LET, ID_DESTINACIA) values (39, 20);
insert into DESTINACIAV1 (ID_LET, ID_DESTINACIA) values (40, 40);
insert into DESTINACIAV1 (ID_LET, ID_DESTINACIA) values (41, 29);
insert into DESTINACIAV1 (ID_LET, ID_DESTINACIA) values (42, 49);
insert into DESTINACIAV1 (ID_LET, ID_DESTINACIA) values (43, 41);
insert into DESTINACIAV1 (ID_LET, ID_DESTINACIA) values (44, 40);
insert into DESTINACIAV1 (ID_LET, ID_DESTINACIA) values (45, 21);
insert into DESTINACIAV1 (ID_LET, ID_DESTINACIA) values (46, 9);
insert into DESTINACIAV1 (ID_LET, ID_DESTINACIA) values (47, 29);
insert into DESTINACIAV1 (ID_LET, ID_DESTINACIA) values (48, 3);
insert into DESTINACIAV1 (ID_LET, ID_DESTINACIA) values (49, 1);
insert into DESTINACIAV1 (ID_LET, ID_DESTINACIA) values (50, 37);
insert into DESTINACIAV1 (ID_LET, ID_DESTINACIA) values (51, 39);
insert into DESTINACIAV1 (ID_LET, ID_DESTINACIA) values (52, 50);
insert into DESTINACIAV1 (ID_LET, ID_DESTINACIA) values (53, 9);
insert into DESTINACIAV1 (ID_LET, ID_DESTINACIA) values (54, 25);
insert into DESTINACIAV1 (ID_LET, ID_DESTINACIA) values (55, 8);
insert into DESTINACIAV1 (ID_LET, ID_DESTINACIA) values (56, 1);
insert into DESTINACIAV1 (ID_LET, ID_DESTINACIA) values (57, 31);
insert into DESTINACIAV1 (ID_LET, ID_DESTINACIA) values (58, 30);
insert into DESTINACIAV1 (ID_LET, ID_DESTINACIA) values (59, 1);
insert into DESTINACIAV1 (ID_LET, ID_DESTINACIA) values (60, 31);
insert into DESTINACIAV1 (ID_LET, ID_DESTINACIA) values (61, 45);
insert into DESTINACIAV1 (ID_LET, ID_DESTINACIA) values (62, 16);
insert into DESTINACIAV1 (ID_LET, ID_DESTINACIA) values (63, 29);
insert into DESTINACIAV1 (ID_LET, ID_DESTINACIA) values (64, 44);
insert into DESTINACIAV1 (ID_LET, ID_DESTINACIA) values (65, 17);
insert into DESTINACIAV1 (ID_LET, ID_DESTINACIA) values (66, 29);
insert into DESTINACIAV1 (ID_LET, ID_DESTINACIA) values (67, 46);
insert into DESTINACIAV1 (ID_LET, ID_DESTINACIA) values (68, 3);
insert into DESTINACIAV1 (ID_LET, ID_DESTINACIA) values (69, 38);
insert into DESTINACIAV1 (ID_LET, ID_DESTINACIA) values (70, 42);
insert into DESTINACIAV1 (ID_LET, ID_DESTINACIA) values (71, 2);
insert into DESTINACIAV1 (ID_LET, ID_DESTINACIA) values (72, 47);
insert into DESTINACIAV1 (ID_LET, ID_DESTINACIA) values (73, 6);
insert into DESTINACIAV1 (ID_LET, ID_DESTINACIA) values (74, 43);
insert into DESTINACIAV1 (ID_LET, ID_DESTINACIA) values (75, 32);
insert into DESTINACIAV1 (ID_LET, ID_DESTINACIA) values (76, 8);
insert into DESTINACIAV1 (ID_LET, ID_DESTINACIA) values (77, 45);
insert into DESTINACIAV1 (ID_LET, ID_DESTINACIA) values (78, 48);
insert into DESTINACIAV1 (ID_LET, ID_DESTINACIA) values (79, 45);
insert into DESTINACIAV1 (ID_LET, ID_DESTINACIA) values (80, 46);
insert into DESTINACIAV1 (ID_LET, ID_DESTINACIA) values (81, 3);
insert into DESTINACIAV1 (ID_LET, ID_DESTINACIA) values (82, 43);
insert into DESTINACIAV1 (ID_LET, ID_DESTINACIA) values (83, 17);
insert into DESTINACIAV1 (ID_LET, ID_DESTINACIA) values (84, 24);
insert into DESTINACIAV1 (ID_LET, ID_DESTINACIA) values (85, 31);
insert into DESTINACIAV1 (ID_LET, ID_DESTINACIA) values (86, 42);
insert into DESTINACIAV1 (ID_LET, ID_DESTINACIA) values (87, 18);
insert into DESTINACIAV1 (ID_LET, ID_DESTINACIA) values (88, 33);
insert into DESTINACIAV1 (ID_LET, ID_DESTINACIA) values (89, 3);
insert into DESTINACIAV1 (ID_LET, ID_DESTINACIA) values (90, 27);
insert into DESTINACIAV1 (ID_LET, ID_DESTINACIA) values (91, 7);
insert into DESTINACIAV1 (ID_LET, ID_DESTINACIA) values (92, 4);
insert into DESTINACIAV1 (ID_LET, ID_DESTINACIA) values (93, 43);
insert into DESTINACIAV1 (ID_LET, ID_DESTINACIA) values (94, 12);
insert into DESTINACIAV1 (ID_LET, ID_DESTINACIA) values (95, 1);
insert into DESTINACIAV1 (ID_LET, ID_DESTINACIA) values (96, 29);
insert into DESTINACIAV1 (ID_LET, ID_DESTINACIA) values (97, 14);
insert into DESTINACIAV1 (ID_LET, ID_DESTINACIA) values (98, 19);
insert into DESTINACIAV1 (ID_LET, ID_DESTINACIA) values (99, 18);
insert into DESTINACIAV1 (ID_LET, ID_DESTINACIA) values (100, 25);

insert into letenka (ID_LETENKA, DATUM_ODLETU, DATUM_PRILETU, ID_TYP, CENA, ID_LET, SEDADLO, RADA, ID_ZAKAZNIK) values (1, '18.06.2019', '24.06.2014', 10, 32, 32, 200, 9, 98);
insert into letenka (ID_LETENKA, DATUM_ODLETU, DATUM_PRILETU, ID_TYP, CENA, ID_LET, SEDADLO, RADA, ID_ZAKAZNIK) values (2, '30.01.2013', '21.11.2015', 23, 40, 1, 34, 20, 90);
insert into letenka (ID_LETENKA, DATUM_ODLETU, DATUM_PRILETU, ID_TYP, CENA, ID_LET, SEDADLO, RADA, ID_ZAKAZNIK) values (3, '29.06.2012', null, 85, 1, 50, 10, 35, 11);
insert into letenka (ID_LETENKA, DATUM_ODLETU, DATUM_PRILETU, ID_TYP, CENA, ID_LET, SEDADLO, RADA, ID_ZAKAZNIK) values (4, '17.03.2014', '11.10.2009', 83, 50, 34, 91, 13, 40);
insert into letenka (ID_LETENKA, DATUM_ODLETU, DATUM_PRILETU, ID_TYP, CENA, ID_LET, SEDADLO, RADA, ID_ZAKAZNIK) values (5, '08.05.2018', '20.11.2010', 50, 26, 17, 157, 36, 39);
insert into letenka (ID_LETENKA, DATUM_ODLETU, DATUM_PRILETU, ID_TYP, CENA, ID_LET, SEDADLO, RADA, ID_ZAKAZNIK) values (6, '27.02.2019', null, 65, 22, 49, 78, 19, 95);
insert into letenka (ID_LETENKA, DATUM_ODLETU, DATUM_PRILETU, ID_TYP, CENA, ID_LET, SEDADLO, RADA, ID_ZAKAZNIK) values (7, '20.02.2014', null, 72, 9, 35, 42, 1, 68);
insert into letenka (ID_LETENKA, DATUM_ODLETU, DATUM_PRILETU, ID_TYP, CENA, ID_LET, SEDADLO, RADA, ID_ZAKAZNIK) values (8, '17.04.2015', '08.04.2016', 4, 8, 21, 65, 19, 77);
insert into letenka (ID_LETENKA, DATUM_ODLETU, DATUM_PRILETU, ID_TYP, CENA, ID_LET, SEDADLO, RADA, ID_ZAKAZNIK) values (9, '09.04.2014', '16.04.2010', 34, 21, 11, 18, 18, 13);
insert into letenka (ID_LETENKA, DATUM_ODLETU, DATUM_PRILETU, ID_TYP, CENA, ID_LET, SEDADLO, RADA, ID_ZAKAZNIK) values (10, '13.07.2009', null, 69, 4, 49, 194, 15, 87);
insert into letenka (ID_LETENKA, DATUM_ODLETU, DATUM_PRILETU, ID_TYP, CENA, ID_LET, SEDADLO, RADA, ID_ZAKAZNIK) values (11, '30.11.2018', '31.10.2019', 45, 11, 32, 154, 6, 55);
insert into letenka (ID_LETENKA, DATUM_ODLETU, DATUM_PRILETU, ID_TYP, CENA, ID_LET, SEDADLO, RADA, ID_ZAKAZNIK) values (12, '14.09.2009', '13.12.2010', 92, 45, 35, 103, 12, 89);
insert into letenka (ID_LETENKA, DATUM_ODLETU, DATUM_PRILETU, ID_TYP, CENA, ID_LET, SEDADLO, RADA, ID_ZAKAZNIK) values (13, '09.03.2012', '08.07.2012', 47, 9, 36, 87, 24, 76);
insert into letenka (ID_LETENKA, DATUM_ODLETU, DATUM_PRILETU, ID_TYP, CENA, ID_LET, SEDADLO, RADA, ID_ZAKAZNIK) values (14, '18.11.2009', '01.02.2013', 53, 48, 24, 179, 34, 92);
insert into letenka (ID_LETENKA, DATUM_ODLETU, DATUM_PRILETU, ID_TYP, CENA, ID_LET, SEDADLO, RADA, ID_ZAKAZNIK) values (15, '30.07.2016', '19.10.2019', 73, 14, 1, 4, 26, 8);
insert into letenka (ID_LETENKA, DATUM_ODLETU, DATUM_PRILETU, ID_TYP, CENA, ID_LET, SEDADLO, RADA, ID_ZAKAZNIK) values (16, '23.01.2010', null, 30, 50, 19, 28, 5, 16);
insert into letenka (ID_LETENKA, DATUM_ODLETU, DATUM_PRILETU, ID_TYP, CENA, ID_LET, SEDADLO, RADA, ID_ZAKAZNIK) values (17, '11.02.2017', '28.06.2013', 65, 21, 37, 181, 32, 45);
insert into letenka (ID_LETENKA, DATUM_ODLETU, DATUM_PRILETU, ID_TYP, CENA, ID_LET, SEDADLO, RADA, ID_ZAKAZNIK) values (18, '07.11.2016', null, 9, 40, 9, 160, 23, 33);
insert into letenka (ID_LETENKA, DATUM_ODLETU, DATUM_PRILETU, ID_TYP, CENA, ID_LET, SEDADLO, RADA, ID_ZAKAZNIK) values (19, '16.07.2011', '31.08.2019', 79, 46, 29, 76, 25, 10);
insert into letenka (ID_LETENKA, DATUM_ODLETU, DATUM_PRILETU, ID_TYP, CENA, ID_LET, SEDADLO, RADA, ID_ZAKAZNIK) values (20, '12.08.2012', null, 56, 37, 34, 110, 25, 55);
insert into letenka (ID_LETENKA, DATUM_ODLETU, DATUM_PRILETU, ID_TYP, CENA, ID_LET, SEDADLO, RADA, ID_ZAKAZNIK) values (21, '24.01.2018', '12.05.2012', 91, 23, 45, 1, 39, 4);
insert into letenka (ID_LETENKA, DATUM_ODLETU, DATUM_PRILETU, ID_TYP, CENA, ID_LET, SEDADLO, RADA, ID_ZAKAZNIK) values (22, '04.05.2012', null, 29, 41, 21, 123, 8, 82);
insert into letenka (ID_LETENKA, DATUM_ODLETU, DATUM_PRILETU, ID_TYP, CENA, ID_LET, SEDADLO, RADA, ID_ZAKAZNIK) values (23, '20.11.2014', '07.08.2019', 29, 18, 35, 17, 7, 3);
insert into letenka (ID_LETENKA, DATUM_ODLETU, DATUM_PRILETU, ID_TYP, CENA, ID_LET, SEDADLO, RADA, ID_ZAKAZNIK) values (24, '23.04.2017', '15.12.2011', 86, 46, 10, 115, 34, 3);
insert into letenka (ID_LETENKA, DATUM_ODLETU, DATUM_PRILETU, ID_TYP, CENA, ID_LET, SEDADLO, RADA, ID_ZAKAZNIK) values (25, '28.07.2016', '01.11.2016', 28, 21, 39, 33, 29, 92);
insert into letenka (ID_LETENKA, DATUM_ODLETU, DATUM_PRILETU, ID_TYP, CENA, ID_LET, SEDADLO, RADA, ID_ZAKAZNIK) values (26, '03.09.2009', '31.08.2015', 27, 45, 35, 133, 2, 57);
insert into letenka (ID_LETENKA, DATUM_ODLETU, DATUM_PRILETU, ID_TYP, CENA, ID_LET, SEDADLO, RADA, ID_ZAKAZNIK) values (27, '24.10.2010', '15.05.2012', 84, 35, 5, 155, 23, 59);
insert into letenka (ID_LETENKA, DATUM_ODLETU, DATUM_PRILETU, ID_TYP, CENA, ID_LET, SEDADLO, RADA, ID_ZAKAZNIK) values (28, '11.06.2017', '01.03.2019', 77, 47, 42, 174, 29, 35);
insert into letenka (ID_LETENKA, DATUM_ODLETU, DATUM_PRILETU, ID_TYP, CENA, ID_LET, SEDADLO, RADA, ID_ZAKAZNIK) values (29, '25.10.2010', '12.12.2009', 30, 40, 5, 15, 22, 45);
insert into letenka (ID_LETENKA, DATUM_ODLETU, DATUM_PRILETU, ID_TYP, CENA, ID_LET, SEDADLO, RADA, ID_ZAKAZNIK) values (30, '13.09.2019', '04.06.2019', 67, 2, 7, 98, 14, 35);
insert into letenka (ID_LETENKA, DATUM_ODLETU, DATUM_PRILETU, ID_TYP, CENA, ID_LET, SEDADLO, RADA, ID_ZAKAZNIK) values (31, '26.06.2017', '31.05.2013', 19, 29, 4, 156, 32, 31);
insert into letenka (ID_LETENKA, DATUM_ODLETU, DATUM_PRILETU, ID_TYP, CENA, ID_LET, SEDADLO, RADA, ID_ZAKAZNIK) values (32, '23.08.2017', '01.05.2013', 13, 29, 49, 177, 34, 91);
insert into letenka (ID_LETENKA, DATUM_ODLETU, DATUM_PRILETU, ID_TYP, CENA, ID_LET, SEDADLO, RADA, ID_ZAKAZNIK) values (33, '19.11.2013', '12.04.2012', 100, 38, 34, 76, 9, 25);
insert into letenka (ID_LETENKA, DATUM_ODLETU, DATUM_PRILETU, ID_TYP, CENA, ID_LET, SEDADLO, RADA, ID_ZAKAZNIK) values (34, '14.04.2019', '10.05.2016', 82, 49, 42, 52, 15, 81);
insert into letenka (ID_LETENKA, DATUM_ODLETU, DATUM_PRILETU, ID_TYP, CENA, ID_LET, SEDADLO, RADA, ID_ZAKAZNIK) values (35, '07.12.2019', '13.03.2018', 95, 30, 39, 101, 31, 81);
insert into letenka (ID_LETENKA, DATUM_ODLETU, DATUM_PRILETU, ID_TYP, CENA, ID_LET, SEDADLO, RADA, ID_ZAKAZNIK) values (36, '04.11.2012', '02.11.2009', 74, 1, 47, 161, 16, 39);
insert into letenka (ID_LETENKA, DATUM_ODLETU, DATUM_PRILETU, ID_TYP, CENA, ID_LET, SEDADLO, RADA, ID_ZAKAZNIK) values (37, '18.01.2020', '07.05.2016', 5, 44, 46, 28, 35, 87);
insert into letenka (ID_LETENKA, DATUM_ODLETU, DATUM_PRILETU, ID_TYP, CENA, ID_LET, SEDADLO, RADA, ID_ZAKAZNIK) values (38, '02.01.2010', '01.04.2014', 34, 9, 23, 113, 28, 23);
insert into letenka (ID_LETENKA, DATUM_ODLETU, DATUM_PRILETU, ID_TYP, CENA, ID_LET, SEDADLO, RADA, ID_ZAKAZNIK) values (39, '11.06.2018', '29.04.2018', 52, 39, 16, 113, 9, 100);
insert into letenka (ID_LETENKA, DATUM_ODLETU, DATUM_PRILETU, ID_TYP, CENA, ID_LET, SEDADLO, RADA, ID_ZAKAZNIK) values (40, '06.05.2020', '17.04.2016', 37, 37, 9, 82, 35, 41);
insert into letenka (ID_LETENKA, DATUM_ODLETU, DATUM_PRILETU, ID_TYP, CENA, ID_LET, SEDADLO, RADA, ID_ZAKAZNIK) values (41, '28.04.2010', '28.04.2019', 23, 29, 41, 68, 6, 71);
insert into letenka (ID_LETENKA, DATUM_ODLETU, DATUM_PRILETU, ID_TYP, CENA, ID_LET, SEDADLO, RADA, ID_ZAKAZNIK) values (42, '31.03.2012', '28.02.2016', 18, 40, 39, 195, 20, 74);
insert into letenka (ID_LETENKA, DATUM_ODLETU, DATUM_PRILETU, ID_TYP, CENA, ID_LET, SEDADLO, RADA, ID_ZAKAZNIK) values (43, '04.12.2011', '11.08.2010', 16, 37, 46, 60, 6, 33);
insert into letenka (ID_LETENKA, DATUM_ODLETU, DATUM_PRILETU, ID_TYP, CENA, ID_LET, SEDADLO, RADA, ID_ZAKAZNIK) values (44, '21.03.2013', '11.03.2011', 97, 9, 47, 79, 15, 48);
insert into letenka (ID_LETENKA, DATUM_ODLETU, DATUM_PRILETU, ID_TYP, CENA, ID_LET, SEDADLO, RADA, ID_ZAKAZNIK) values (45, '08.07.2014', '26.10.2009', 50, 38, 8, 48, 35, 55);
insert into letenka (ID_LETENKA, DATUM_ODLETU, DATUM_PRILETU, ID_TYP, CENA, ID_LET, SEDADLO, RADA, ID_ZAKAZNIK) values (46, '26.08.2013', '12.04.2016', 44, 20, 45, 75, 8, 47);
insert into letenka (ID_LETENKA, DATUM_ODLETU, DATUM_PRILETU, ID_TYP, CENA, ID_LET, SEDADLO, RADA, ID_ZAKAZNIK) values (47, '21.04.2010', '09.09.2010', 50, 28, 48, 173, 11, 22);
insert into letenka (ID_LETENKA, DATUM_ODLETU, DATUM_PRILETU, ID_TYP, CENA, ID_LET, SEDADLO, RADA, ID_ZAKAZNIK) values (48, '03.06.2015', '11.05.2010', 72, 19, 29, 117, 38, 12);
insert into letenka (ID_LETENKA, DATUM_ODLETU, DATUM_PRILETU, ID_TYP, CENA, ID_LET, SEDADLO, RADA, ID_ZAKAZNIK) values (49, '23.01.2014', '12.11.2016', 35, 39, 49, 50, 14, 54);
insert into letenka (ID_LETENKA, DATUM_ODLETU, DATUM_PRILETU, ID_TYP, CENA, ID_LET, SEDADLO, RADA, ID_ZAKAZNIK) values (50, '27.03.2018', null, 94, 28, 33, 135, 31, 6);
insert into letenka (ID_LETENKA, DATUM_ODLETU, DATUM_PRILETU, ID_TYP, CENA, ID_LET, SEDADLO, RADA, ID_ZAKAZNIK) values (51, '15.05.2010', '02.03.2020', 55, 1, 48, 80, 6, 22);
insert into letenka (ID_LETENKA, DATUM_ODLETU, DATUM_PRILETU, ID_TYP, CENA, ID_LET, SEDADLO, RADA, ID_ZAKAZNIK) values (52, '14.12.2009', '22.07.2011', 76, 32, 47, 58, 6, 18);
insert into letenka (ID_LETENKA, DATUM_ODLETU, DATUM_PRILETU, ID_TYP, CENA, ID_LET, SEDADLO, RADA, ID_ZAKAZNIK) values (53, '16.08.2012', '19.11.2016', 24, 20, 21, 118, 1, 86);
insert into letenka (ID_LETENKA, DATUM_ODLETU, DATUM_PRILETU, ID_TYP, CENA, ID_LET, SEDADLO, RADA, ID_ZAKAZNIK) values (54, '14.02.2018', '31.01.2015', 80, 46, 35, 38, 9, 3);
insert into letenka (ID_LETENKA, DATUM_ODLETU, DATUM_PRILETU, ID_TYP, CENA, ID_LET, SEDADLO, RADA, ID_ZAKAZNIK) values (55, '10.07.2012', '05.05.2014', 51, 18, 43, 51, 15, 39);
insert into letenka (ID_LETENKA, DATUM_ODLETU, DATUM_PRILETU, ID_TYP, CENA, ID_LET, SEDADLO, RADA, ID_ZAKAZNIK) values (56, '25.06.2012', '16.01.2019', 10, 42, 41, 172, 23, 39);
insert into letenka (ID_LETENKA, DATUM_ODLETU, DATUM_PRILETU, ID_TYP, CENA, ID_LET, SEDADLO, RADA, ID_ZAKAZNIK) values (57, '22.12.2016', null, 41, 23, 29, 109, 14, 78);
insert into letenka (ID_LETENKA, DATUM_ODLETU, DATUM_PRILETU, ID_TYP, CENA, ID_LET, SEDADLO, RADA, ID_ZAKAZNIK) values (58, '12.10.2016', '20.03.2011', 77, 5, 1, 55, 25, 3);
insert into letenka (ID_LETENKA, DATUM_ODLETU, DATUM_PRILETU, ID_TYP, CENA, ID_LET, SEDADLO, RADA, ID_ZAKAZNIK) values (59, '10.03.2016', '15.04.2015', 28, 49, 5, 88, 7, 44);
insert into letenka (ID_LETENKA, DATUM_ODLETU, DATUM_PRILETU, ID_TYP, CENA, ID_LET, SEDADLO, RADA, ID_ZAKAZNIK) values (60, '01.11.2016', '03.02.2017', 37, 32, 22, 97, 37, 59);
insert into letenka (ID_LETENKA, DATUM_ODLETU, DATUM_PRILETU, ID_TYP, CENA, ID_LET, SEDADLO, RADA, ID_ZAKAZNIK) values (61, '05.10.2012', '20.08.2012', 36, 25, 15, 81, 40, 61);
insert into letenka (ID_LETENKA, DATUM_ODLETU, DATUM_PRILETU, ID_TYP, CENA, ID_LET, SEDADLO, RADA, ID_ZAKAZNIK) values (62, '26.06.2017', '27.01.2010', 51, 12, 2, 72, 38, 82);
insert into letenka (ID_LETENKA, DATUM_ODLETU, DATUM_PRILETU, ID_TYP, CENA, ID_LET, SEDADLO, RADA, ID_ZAKAZNIK) values (63, '22.11.2014', '07.12.2016', 35, 17, 19, 174, 23, 41);
insert into letenka (ID_LETENKA, DATUM_ODLETU, DATUM_PRILETU, ID_TYP, CENA, ID_LET, SEDADLO, RADA, ID_ZAKAZNIK) values (64, '26.09.2009', null, 22, 30, 48, 26, 39, 23);
insert into letenka (ID_LETENKA, DATUM_ODLETU, DATUM_PRILETU, ID_TYP, CENA, ID_LET, SEDADLO, RADA, ID_ZAKAZNIK) values (65, '29.07.2010', '14.07.2014', 3, 21, 19, 131, 13, 15);
insert into letenka (ID_LETENKA, DATUM_ODLETU, DATUM_PRILETU, ID_TYP, CENA, ID_LET, SEDADLO, RADA, ID_ZAKAZNIK) values (66, '28.04.2020', '01.02.2013', 11, 45, 31, 164, 15, 16);
insert into letenka (ID_LETENKA, DATUM_ODLETU, DATUM_PRILETU, ID_TYP, CENA, ID_LET, SEDADLO, RADA, ID_ZAKAZNIK) values (67, '19.01.2016', '11.03.2014', 7, 42, 41, 67, 1, 65);
insert into letenka (ID_LETENKA, DATUM_ODLETU, DATUM_PRILETU, ID_TYP, CENA, ID_LET, SEDADLO, RADA, ID_ZAKAZNIK) values (68, '10.08.2010', '20.12.2011', 2, 30, 4, 107, 33, 58);
insert into letenka (ID_LETENKA, DATUM_ODLETU, DATUM_PRILETU, ID_TYP, CENA, ID_LET, SEDADLO, RADA, ID_ZAKAZNIK) values (69, '03.05.2020', null, 96, 32, 31, 100, 8, 31);
insert into letenka (ID_LETENKA, DATUM_ODLETU, DATUM_PRILETU, ID_TYP, CENA, ID_LET, SEDADLO, RADA, ID_ZAKAZNIK) values (70, '15.02.2015', '23.10.2013', 96, 9, 13, 92, 23, 3);
insert into letenka (ID_LETENKA, DATUM_ODLETU, DATUM_PRILETU, ID_TYP, CENA, ID_LET, SEDADLO, RADA, ID_ZAKAZNIK) values (71, '26.05.2015', '24.01.2018', 19, 26, 35, 159, 40, 8);
insert into letenka (ID_LETENKA, DATUM_ODLETU, DATUM_PRILETU, ID_TYP, CENA, ID_LET, SEDADLO, RADA, ID_ZAKAZNIK) values (72, '16.12.2012', '22.10.2013', 6, 29, 50, 79, 13, 100);
insert into letenka (ID_LETENKA, DATUM_ODLETU, DATUM_PRILETU, ID_TYP, CENA, ID_LET, SEDADLO, RADA, ID_ZAKAZNIK) values (73, '02.12.2015', null, 7, 27, 16, 86, 33, 91);
insert into letenka (ID_LETENKA, DATUM_ODLETU, DATUM_PRILETU, ID_TYP, CENA, ID_LET, SEDADLO, RADA, ID_ZAKAZNIK) values (74, '30.11.2012', '18.05.2014', 22, 44, 6, 16, 22, 62);
insert into letenka (ID_LETENKA, DATUM_ODLETU, DATUM_PRILETU, ID_TYP, CENA, ID_LET, SEDADLO, RADA, ID_ZAKAZNIK) values (75, '31.05.2010', '16.12.2011', 84, 27, 38, 37, 15, 69);
insert into letenka (ID_LETENKA, DATUM_ODLETU, DATUM_PRILETU, ID_TYP, CENA, ID_LET, SEDADLO, RADA, ID_ZAKAZNIK) values (76, '21.08.2014', '05.02.2013', 26, 27, 3, 154, 23, 4);
insert into letenka (ID_LETENKA, DATUM_ODLETU, DATUM_PRILETU, ID_TYP, CENA, ID_LET, SEDADLO, RADA, ID_ZAKAZNIK) values (77, '04.03.2013', null, 69, 6, 20, 167, 36, 94);
insert into letenka (ID_LETENKA, DATUM_ODLETU, DATUM_PRILETU, ID_TYP, CENA, ID_LET, SEDADLO, RADA, ID_ZAKAZNIK) values (78, '16.09.2009', '09.09.2012', 65, 42, 39, 88, 35, 54);
insert into letenka (ID_LETENKA, DATUM_ODLETU, DATUM_PRILETU, ID_TYP, CENA, ID_LET, SEDADLO, RADA, ID_ZAKAZNIK) values (79, '02.12.2013', '25.01.2012', 65, 13, 6, 2, 26, 10);
insert into letenka (ID_LETENKA, DATUM_ODLETU, DATUM_PRILETU, ID_TYP, CENA, ID_LET, SEDADLO, RADA, ID_ZAKAZNIK) values (80, '09.04.2014', '18.01.2019', 62, 25, 1, 135, 2, 75);
insert into letenka (ID_LETENKA, DATUM_ODLETU, DATUM_PRILETU, ID_TYP, CENA, ID_LET, SEDADLO, RADA, ID_ZAKAZNIK) values (81, '16.06.2012', '17.04.2012', 46, 21, 22, 65, 21, 58);
insert into letenka (ID_LETENKA, DATUM_ODLETU, DATUM_PRILETU, ID_TYP, CENA, ID_LET, SEDADLO, RADA, ID_ZAKAZNIK) values (82, '22.04.2020', null, 61, 30, 43, 74, 18, 93);
insert into letenka (ID_LETENKA, DATUM_ODLETU, DATUM_PRILETU, ID_TYP, CENA, ID_LET, SEDADLO, RADA, ID_ZAKAZNIK) values (83, '11.07.2012', '31.12.2012', 88, 44, 44, 28, 15, 2);
insert into letenka (ID_LETENKA, DATUM_ODLETU, DATUM_PRILETU, ID_TYP, CENA, ID_LET, SEDADLO, RADA, ID_ZAKAZNIK) values (84, '11.02.2017', '04.02.2010', 17, 9, 43, 86, 19, 71);
insert into letenka (ID_LETENKA, DATUM_ODLETU, DATUM_PRILETU, ID_TYP, CENA, ID_LET, SEDADLO, RADA, ID_ZAKAZNIK) values (85, '06.08.2013', null, 22, 20, 13, 12, 34, 91);
insert into letenka (ID_LETENKA, DATUM_ODLETU, DATUM_PRILETU, ID_TYP, CENA, ID_LET, SEDADLO, RADA, ID_ZAKAZNIK) values (86, '17.01.2016', '31.10.2015', 77, 48, 36, 95, 38, 21);
insert into letenka (ID_LETENKA, DATUM_ODLETU, DATUM_PRILETU, ID_TYP, CENA, ID_LET, SEDADLO, RADA, ID_ZAKAZNIK) values (87, '12.10.2016', '14.02.2020', 70, 50, 25, 91, 33, 98);
insert into letenka (ID_LETENKA, DATUM_ODLETU, DATUM_PRILETU, ID_TYP, CENA, ID_LET, SEDADLO, RADA, ID_ZAKAZNIK) values (88, '12.09.2012', '17.02.2010', 98, 31, 9, 120, 5, 90);
insert into letenka (ID_LETENKA, DATUM_ODLETU, DATUM_PRILETU, ID_TYP, CENA, ID_LET, SEDADLO, RADA, ID_ZAKAZNIK) values (89, '14.08.2014', '21.10.2011', 35, 25, 36, 30, 15, 30);
insert into letenka (ID_LETENKA, DATUM_ODLETU, DATUM_PRILETU, ID_TYP, CENA, ID_LET, SEDADLO, RADA, ID_ZAKAZNIK) values (90, '14.09.2017', null, 10, 50, 6, 192, 18, 92);
insert into letenka (ID_LETENKA, DATUM_ODLETU, DATUM_PRILETU, ID_TYP, CENA, ID_LET, SEDADLO, RADA, ID_ZAKAZNIK) values (91, '13.10.2016', '28.06.2015', 40, 5, 22, 100, 34, 82);
insert into letenka (ID_LETENKA, DATUM_ODLETU, DATUM_PRILETU, ID_TYP, CENA, ID_LET, SEDADLO, RADA, ID_ZAKAZNIK) values (92, '10.02.2014', null, 56, 5, 28, 26, 4, 17);
insert into letenka (ID_LETENKA, DATUM_ODLETU, DATUM_PRILETU, ID_TYP, CENA, ID_LET, SEDADLO, RADA, ID_ZAKAZNIK) values (93, '17.10.2017', '20.01.2019', 100, 6, 28, 133, 24, 9);
insert into letenka (ID_LETENKA, DATUM_ODLETU, DATUM_PRILETU, ID_TYP, CENA, ID_LET, SEDADLO, RADA, ID_ZAKAZNIK) values (94, '01.12.2016', '26.11.2017', 20, 8, 38, 197, 25, 35);
insert into letenka (ID_LETENKA, DATUM_ODLETU, DATUM_PRILETU, ID_TYP, CENA, ID_LET, SEDADLO, RADA, ID_ZAKAZNIK) values (95, '25.12.2011', '19.03.2013', 51, 16, 42, 73, 34, 27);
insert into letenka (ID_LETENKA, DATUM_ODLETU, DATUM_PRILETU, ID_TYP, CENA, ID_LET, SEDADLO, RADA, ID_ZAKAZNIK) values (96, '22.01.2010', '18.02.2019', 80, 26, 16, 83, 4, 16);
insert into letenka (ID_LETENKA, DATUM_ODLETU, DATUM_PRILETU, ID_TYP, CENA, ID_LET, SEDADLO, RADA, ID_ZAKAZNIK) values (97, '28.05.2014', '23.06.2019', 15, 47, 6, 68, 14, 1);
insert into letenka (ID_LETENKA, DATUM_ODLETU, DATUM_PRILETU, ID_TYP, CENA, ID_LET, SEDADLO, RADA, ID_ZAKAZNIK) values (98, '23.12.2014', '04.10.2011', 31, 29, 41, 182, 23, 24);
insert into letenka (ID_LETENKA, DATUM_ODLETU, DATUM_PRILETU, ID_TYP, CENA, ID_LET, SEDADLO, RADA, ID_ZAKAZNIK) values (99, '30.03.2012', '20.03.2020', 63, 9, 18, 176, 14, 96);
insert into letenka (ID_LETENKA, DATUM_ODLETU, DATUM_PRILETU, ID_TYP, CENA, ID_LET, SEDADLO, RADA, ID_ZAKAZNIK) values (100, '04.02.2015', null, 2, 7, 3, 143, 38, 28);


insert into BATOZINA (ID_BATOZINA, ID_LETENKA, BATOZINA_TYP) values (1, 2, 'tazka');
insert into BATOZINA (ID_BATOZINA, ID_LETENKA, BATOZINA_TYP) values (2, 27, 'tazka');
insert into BATOZINA (ID_BATOZINA, ID_LETENKA, BATOZINA_TYP) values (3, 20, 'tazka');
insert into BATOZINA (ID_BATOZINA, ID_LETENKA, BATOZINA_TYP) values (4, 65, 'prirucna');
insert into BATOZINA (ID_BATOZINA, ID_LETENKA, BATOZINA_TYP) values (5, 76, 'prirucna');
insert into BATOZINA (ID_BATOZINA, ID_LETENKA, BATOZINA_TYP) values (6, 78, 'tazka');
insert into BATOZINA (ID_BATOZINA, ID_LETENKA, BATOZINA_TYP) values (7, 22, 'prirucna');
insert into BATOZINA (ID_BATOZINA, ID_LETENKA, BATOZINA_TYP) values (8, 87, 'tazka');
insert into BATOZINA (ID_BATOZINA, ID_LETENKA, BATOZINA_TYP) values (9, 78, 'tazka');
insert into BATOZINA (ID_BATOZINA, ID_LETENKA, BATOZINA_TYP) values (10, 49, 'tazka');
insert into BATOZINA (ID_BATOZINA, ID_LETENKA, BATOZINA_TYP) values (11, 4, 'prirucna');
insert into BATOZINA (ID_BATOZINA, ID_LETENKA, BATOZINA_TYP) values (12, 54, 'tazka');
insert into BATOZINA (ID_BATOZINA, ID_LETENKA, BATOZINA_TYP) values (13, 5, 'prirucna');
insert into BATOZINA (ID_BATOZINA, ID_LETENKA, BATOZINA_TYP) values (14, 81, 'prirucna');
insert into BATOZINA (ID_BATOZINA, ID_LETENKA, BATOZINA_TYP) values (15, 17, 'prirucna');
insert into BATOZINA (ID_BATOZINA, ID_LETENKA, BATOZINA_TYP) values (16, 22, 'tazka');
insert into BATOZINA (ID_BATOZINA, ID_LETENKA, BATOZINA_TYP) values (17, 84, 'prirucna');
insert into BATOZINA (ID_BATOZINA, ID_LETENKA, BATOZINA_TYP) values (18, 94, 'prirucna');
insert into BATOZINA (ID_BATOZINA, ID_LETENKA, BATOZINA_TYP) values (19, 34, 'tazka');
insert into BATOZINA (ID_BATOZINA, ID_LETENKA, BATOZINA_TYP) values (20, 18, 'tazka');
insert into BATOZINA (ID_BATOZINA, ID_LETENKA, BATOZINA_TYP) values (21, 57, 'prirucna');
insert into BATOZINA (ID_BATOZINA, ID_LETENKA, BATOZINA_TYP) values (22, 5, 'prirucna');
insert into BATOZINA (ID_BATOZINA, ID_LETENKA, BATOZINA_TYP) values (23, 24, 'tazka');
insert into BATOZINA (ID_BATOZINA, ID_LETENKA, BATOZINA_TYP) values (24, 93, 'prirucna');
insert into BATOZINA (ID_BATOZINA, ID_LETENKA, BATOZINA_TYP) values (25, 18, 'prirucna');
insert into BATOZINA (ID_BATOZINA, ID_LETENKA, BATOZINA_TYP) values (26, 91, 'prirucna');
insert into BATOZINA (ID_BATOZINA, ID_LETENKA, BATOZINA_TYP) values (27, 54, 'prirucna');
insert into BATOZINA (ID_BATOZINA, ID_LETENKA, BATOZINA_TYP) values (28, 56, 'tazka');
insert into BATOZINA (ID_BATOZINA, ID_LETENKA, BATOZINA_TYP) values (29, 11, 'prirucna');
insert into BATOZINA (ID_BATOZINA, ID_LETENKA, BATOZINA_TYP) values (30, 73, 'prirucna');
insert into BATOZINA (ID_BATOZINA, ID_LETENKA, BATOZINA_TYP) values (31, 74, 'tazka');
insert into BATOZINA (ID_BATOZINA, ID_LETENKA, BATOZINA_TYP) values (32, 33, 'tazka');
insert into BATOZINA (ID_BATOZINA, ID_LETENKA, BATOZINA_TYP) values (33, 60, 'tazka');
insert into BATOZINA (ID_BATOZINA, ID_LETENKA, BATOZINA_TYP) values (34, 72, 'tazka');
insert into BATOZINA (ID_BATOZINA, ID_LETENKA, BATOZINA_TYP) values (35, 2, 'tazka');
insert into BATOZINA (ID_BATOZINA, ID_LETENKA, BATOZINA_TYP) values (36, 90, 'prirucna');
insert into BATOZINA (ID_BATOZINA, ID_LETENKA, BATOZINA_TYP) values (37, 73, 'prirucna');
insert into BATOZINA (ID_BATOZINA, ID_LETENKA, BATOZINA_TYP) values (38, 58, 'tazka');
insert into BATOZINA (ID_BATOZINA, ID_LETENKA, BATOZINA_TYP) values (39, 40, 'prirucna');
insert into BATOZINA (ID_BATOZINA, ID_LETENKA, BATOZINA_TYP) values (40, 34, 'prirucna');
insert into BATOZINA (ID_BATOZINA, ID_LETENKA, BATOZINA_TYP) values (41, 99, 'tazka');
insert into BATOZINA (ID_BATOZINA, ID_LETENKA, BATOZINA_TYP) values (42, 87, 'tazka');
insert into BATOZINA (ID_BATOZINA, ID_LETENKA, BATOZINA_TYP) values (43, 81, 'prirucna');
insert into BATOZINA (ID_BATOZINA, ID_LETENKA, BATOZINA_TYP) values (44, 14, 'prirucna');
insert into BATOZINA (ID_BATOZINA, ID_LETENKA, BATOZINA_TYP) values (45, 84, 'prirucna');
insert into BATOZINA (ID_BATOZINA, ID_LETENKA, BATOZINA_TYP) values (46, 28, 'prirucna');
insert into BATOZINA (ID_BATOZINA, ID_LETENKA, BATOZINA_TYP) values (47, 71, 'tazka');
insert into BATOZINA (ID_BATOZINA, ID_LETENKA, BATOZINA_TYP) values (48, 37, 'prirucna');
insert into BATOZINA (ID_BATOZINA, ID_LETENKA, BATOZINA_TYP) values (49, 23, 'tazka');
insert into BATOZINA (ID_BATOZINA, ID_LETENKA, BATOZINA_TYP) values (50, 95, 'tazka');
insert into BATOZINA (ID_BATOZINA, ID_LETENKA, BATOZINA_TYP) values (51, 66, 'prirucna');
insert into BATOZINA (ID_BATOZINA, ID_LETENKA, BATOZINA_TYP) values (52, 36, 'prirucna');
insert into BATOZINA (ID_BATOZINA, ID_LETENKA, BATOZINA_TYP) values (53, 3, 'tazka');
insert into BATOZINA (ID_BATOZINA, ID_LETENKA, BATOZINA_TYP) values (54, 32, 'tazka');
insert into BATOZINA (ID_BATOZINA, ID_LETENKA, BATOZINA_TYP) values (55, 36, 'tazka');
insert into BATOZINA (ID_BATOZINA, ID_LETENKA, BATOZINA_TYP) values (56, 54, 'tazka');
insert into BATOZINA (ID_BATOZINA, ID_LETENKA, BATOZINA_TYP) values (57, 89, 'prirucna');
insert into BATOZINA (ID_BATOZINA, ID_LETENKA, BATOZINA_TYP) values (58, 53, 'prirucna');
insert into BATOZINA (ID_BATOZINA, ID_LETENKA, BATOZINA_TYP) values (59, 32, 'tazka');
insert into BATOZINA (ID_BATOZINA, ID_LETENKA, BATOZINA_TYP) values (60, 30, 'tazka');
insert into BATOZINA (ID_BATOZINA, ID_LETENKA, BATOZINA_TYP) values (61, 73, 'prirucna');
insert into BATOZINA (ID_BATOZINA, ID_LETENKA, BATOZINA_TYP) values (62, 73, 'tazka');
insert into BATOZINA (ID_BATOZINA, ID_LETENKA, BATOZINA_TYP) values (63, 23, 'prirucna');
insert into BATOZINA (ID_BATOZINA, ID_LETENKA, BATOZINA_TYP) values (64, 65, 'prirucna');
insert into BATOZINA (ID_BATOZINA, ID_LETENKA, BATOZINA_TYP) values (65, 86, 'prirucna');
insert into BATOZINA (ID_BATOZINA, ID_LETENKA, BATOZINA_TYP) values (66, 97, 'prirucna');
insert into BATOZINA (ID_BATOZINA, ID_LETENKA, BATOZINA_TYP) values (67, 67, 'prirucna');
insert into BATOZINA (ID_BATOZINA, ID_LETENKA, BATOZINA_TYP) values (68, 24, 'prirucna');
insert into BATOZINA (ID_BATOZINA, ID_LETENKA, BATOZINA_TYP) values (69, 48, 'tazka');
insert into BATOZINA (ID_BATOZINA, ID_LETENKA, BATOZINA_TYP) values (70, 15, 'tazka');
insert into BATOZINA (ID_BATOZINA, ID_LETENKA, BATOZINA_TYP) values (71, 15, 'tazka');
insert into BATOZINA (ID_BATOZINA, ID_LETENKA, BATOZINA_TYP) values (72, 25, 'tazka');
insert into BATOZINA (ID_BATOZINA, ID_LETENKA, BATOZINA_TYP) values (73, 69, 'prirucna');
insert into BATOZINA (ID_BATOZINA, ID_LETENKA, BATOZINA_TYP) values (74, 53, 'prirucna');
insert into BATOZINA (ID_BATOZINA, ID_LETENKA, BATOZINA_TYP) values (75, 51, 'prirucna');
insert into BATOZINA (ID_BATOZINA, ID_LETENKA, BATOZINA_TYP) values (76, 81, 'prirucna');
insert into BATOZINA (ID_BATOZINA, ID_LETENKA, BATOZINA_TYP) values (77, 90, 'prirucna');
insert into BATOZINA (ID_BATOZINA, ID_LETENKA, BATOZINA_TYP) values (78, 75, 'prirucna');
insert into BATOZINA (ID_BATOZINA, ID_LETENKA, BATOZINA_TYP) values (79, 97, 'prirucna');
insert into BATOZINA (ID_BATOZINA, ID_LETENKA, BATOZINA_TYP) values (80, 11, 'tazka');
insert into BATOZINA (ID_BATOZINA, ID_LETENKA, BATOZINA_TYP) values (81, 3, 'tazka');
insert into BATOZINA (ID_BATOZINA, ID_LETENKA, BATOZINA_TYP) values (82, 81, 'tazka');
insert into BATOZINA (ID_BATOZINA, ID_LETENKA, BATOZINA_TYP) values (83, 8, 'tazka');
insert into BATOZINA (ID_BATOZINA, ID_LETENKA, BATOZINA_TYP) values (84, 43, 'tazka');
insert into BATOZINA (ID_BATOZINA, ID_LETENKA, BATOZINA_TYP) values (85, 28, 'prirucna');
insert into BATOZINA (ID_BATOZINA, ID_LETENKA, BATOZINA_TYP) values (86, 97, 'tazka');
insert into BATOZINA (ID_BATOZINA, ID_LETENKA, BATOZINA_TYP) values (87, 78, 'prirucna');
insert into BATOZINA (ID_BATOZINA, ID_LETENKA, BATOZINA_TYP) values (88, 81, 'tazka');
insert into BATOZINA (ID_BATOZINA, ID_LETENKA, BATOZINA_TYP) values (89, 24, 'tazka');
insert into BATOZINA (ID_BATOZINA, ID_LETENKA, BATOZINA_TYP) values (90, 42, 'prirucna');
insert into BATOZINA (ID_BATOZINA, ID_LETENKA, BATOZINA_TYP) values (91, 75, 'prirucna');
insert into BATOZINA (ID_BATOZINA, ID_LETENKA, BATOZINA_TYP) values (92, 75, 'tazka');
insert into BATOZINA (ID_BATOZINA, ID_LETENKA, BATOZINA_TYP) values (93, 52, 'tazka');
insert into BATOZINA (ID_BATOZINA, ID_LETENKA, BATOZINA_TYP) values (94, 65, 'prirucna');
insert into BATOZINA (ID_BATOZINA, ID_LETENKA, BATOZINA_TYP) values (95, 44, 'prirucna');
insert into BATOZINA (ID_BATOZINA, ID_LETENKA, BATOZINA_TYP) values (96, 28, 'tazka');
insert into BATOZINA (ID_BATOZINA, ID_LETENKA, BATOZINA_TYP) values (97, 35, 'tazka');
insert into BATOZINA (ID_BATOZINA, ID_LETENKA, BATOZINA_TYP) values (98, 28, 'prirucna');
insert into BATOZINA (ID_BATOZINA, ID_LETENKA, BATOZINA_TYP) values (99, 82, 'prirucna');
insert into BATOZINA (ID_BATOZINA, ID_LETENKA, BATOZINA_TYP) values (100, 73, 'tazka');


insert into TAZKA_BATOZINA (ID_BATOZINA, VAHA_TAZKA) values (1, 21);
insert into TAZKA_BATOZINA (ID_BATOZINA, VAHA_TAZKA) values (2, 1);
insert into TAZKA_BATOZINA (ID_BATOZINA, VAHA_TAZKA) values (6, 27);
insert into TAZKA_BATOZINA (ID_BATOZINA, VAHA_TAZKA) values (8, 15);
insert into TAZKA_BATOZINA (ID_BATOZINA, VAHA_TAZKA) values (9, 19);
insert into TAZKA_BATOZINA (ID_BATOZINA, VAHA_TAZKA) values (10, 26);
insert into TAZKA_BATOZINA (ID_BATOZINA, VAHA_TAZKA) values (12, 23);
insert into TAZKA_BATOZINA (ID_BATOZINA, VAHA_TAZKA) values (16, 12);
insert into TAZKA_BATOZINA (ID_BATOZINA, VAHA_TAZKA) values (19, 11);
insert into TAZKA_BATOZINA (ID_BATOZINA, VAHA_TAZKA) values (20, 15);
insert into TAZKA_BATOZINA (ID_BATOZINA, VAHA_TAZKA) values (23, 8);
insert into TAZKA_BATOZINA (ID_BATOZINA, VAHA_TAZKA) values (28, 3);
insert into TAZKA_BATOZINA (ID_BATOZINA, VAHA_TAZKA) values (31, 2);
insert into TAZKA_BATOZINA (ID_BATOZINA, VAHA_TAZKA) values (32, 19);
insert into TAZKA_BATOZINA (ID_BATOZINA, VAHA_TAZKA) values (33, 13);
insert into TAZKA_BATOZINA (ID_BATOZINA, VAHA_TAZKA) values (34, 13);
insert into TAZKA_BATOZINA (ID_BATOZINA, VAHA_TAZKA) values (35, 20);
insert into TAZKA_BATOZINA (ID_BATOZINA, VAHA_TAZKA) values (38, 17);
insert into TAZKA_BATOZINA (ID_BATOZINA, VAHA_TAZKA) values (41, 24);
insert into TAZKA_BATOZINA (ID_BATOZINA, VAHA_TAZKA) values (42, 4);
insert into TAZKA_BATOZINA (ID_BATOZINA, VAHA_TAZKA) values (47, 23);
insert into TAZKA_BATOZINA (ID_BATOZINA, VAHA_TAZKA) values (49, 23);
insert into TAZKA_BATOZINA (ID_BATOZINA, VAHA_TAZKA) values (50, 14);
insert into TAZKA_BATOZINA (ID_BATOZINA, VAHA_TAZKA) values (53, 4);
insert into TAZKA_BATOZINA (ID_BATOZINA, VAHA_TAZKA) values (54, 26);
insert into TAZKA_BATOZINA (ID_BATOZINA, VAHA_TAZKA) values (55, 25);
insert into TAZKA_BATOZINA (ID_BATOZINA, VAHA_TAZKA) values (56, 3);
insert into TAZKA_BATOZINA (ID_BATOZINA, VAHA_TAZKA) values (59, 22);
insert into TAZKA_BATOZINA (ID_BATOZINA, VAHA_TAZKA) values (60, 5);
insert into TAZKA_BATOZINA (ID_BATOZINA, VAHA_TAZKA) values (62, 26);
insert into TAZKA_BATOZINA (ID_BATOZINA, VAHA_TAZKA) values (69, 18);
insert into TAZKA_BATOZINA (ID_BATOZINA, VAHA_TAZKA) values (70, 21);
insert into TAZKA_BATOZINA (ID_BATOZINA, VAHA_TAZKA) values (71, 13);
insert into TAZKA_BATOZINA (ID_BATOZINA, VAHA_TAZKA) values (72, 21);
insert into TAZKA_BATOZINA (ID_BATOZINA, VAHA_TAZKA) values (80, 4);
insert into TAZKA_BATOZINA (ID_BATOZINA, VAHA_TAZKA) values (81, 7);
insert into TAZKA_BATOZINA (ID_BATOZINA, VAHA_TAZKA) values (82, 20);
insert into TAZKA_BATOZINA (ID_BATOZINA, VAHA_TAZKA) values (83, 11);
insert into TAZKA_BATOZINA (ID_BATOZINA, VAHA_TAZKA) values (84, 22);
insert into TAZKA_BATOZINA (ID_BATOZINA, VAHA_TAZKA) values (86, 2);
insert into TAZKA_BATOZINA (ID_BATOZINA, VAHA_TAZKA) values (88, 21);
insert into TAZKA_BATOZINA (ID_BATOZINA, VAHA_TAZKA) values (89, 1);
insert into TAZKA_BATOZINA (ID_BATOZINA, VAHA_TAZKA) values (92, 26);
insert into TAZKA_BATOZINA (ID_BATOZINA, VAHA_TAZKA) values (93, 25);
insert into TAZKA_BATOZINA (ID_BATOZINA, VAHA_TAZKA) values (96, 15);
insert into TAZKA_BATOZINA (ID_BATOZINA, VAHA_TAZKA) values (97, 11);
insert into TAZKA_BATOZINA (ID_BATOZINA, VAHA_TAZKA) values (100, 19);

insert into PRIRUCNA (ID_BATOZINA, VYSKA_PRIRUCNA, SIRKA_PRIRUCNA, VAHA_PRIRUCNA) values (4, 24, 15, 1);
insert into PRIRUCNA (ID_BATOZINA, VYSKA_PRIRUCNA, SIRKA_PRIRUCNA, VAHA_PRIRUCNA) values (5, 1, 40, 8);
insert into PRIRUCNA (ID_BATOZINA, VYSKA_PRIRUCNA, SIRKA_PRIRUCNA, VAHA_PRIRUCNA) values (7, 26, 20, 5);
insert into PRIRUCNA (ID_BATOZINA, VYSKA_PRIRUCNA, SIRKA_PRIRUCNA, VAHA_PRIRUCNA) values (11, 15, 8, 1);
insert into PRIRUCNA (ID_BATOZINA, VYSKA_PRIRUCNA, SIRKA_PRIRUCNA, VAHA_PRIRUCNA) values (13, 9, 20, 4);
insert into PRIRUCNA (ID_BATOZINA, VYSKA_PRIRUCNA, SIRKA_PRIRUCNA, VAHA_PRIRUCNA) values (14, 8, 4, 3);
insert into PRIRUCNA (ID_BATOZINA, VYSKA_PRIRUCNA, SIRKA_PRIRUCNA, VAHA_PRIRUCNA) values (15, 47, 20, 7);
insert into PRIRUCNA (ID_BATOZINA, VYSKA_PRIRUCNA, SIRKA_PRIRUCNA, VAHA_PRIRUCNA) values (17, 22, 20, 8);
insert into PRIRUCNA (ID_BATOZINA, VYSKA_PRIRUCNA, SIRKA_PRIRUCNA, VAHA_PRIRUCNA) values (18, 30, 25, 1);
insert into PRIRUCNA (ID_BATOZINA, VYSKA_PRIRUCNA, SIRKA_PRIRUCNA, VAHA_PRIRUCNA) values (21, 19, 33, 8);
insert into PRIRUCNA (ID_BATOZINA, VYSKA_PRIRUCNA, SIRKA_PRIRUCNA, VAHA_PRIRUCNA) values (22, 46, 18, 6);
insert into PRIRUCNA (ID_BATOZINA, VYSKA_PRIRUCNA, SIRKA_PRIRUCNA, VAHA_PRIRUCNA) values (24, 43, 29, 6);
insert into PRIRUCNA (ID_BATOZINA, VYSKA_PRIRUCNA, SIRKA_PRIRUCNA, VAHA_PRIRUCNA) values (25, 23, 31, 4);
insert into PRIRUCNA (ID_BATOZINA, VYSKA_PRIRUCNA, SIRKA_PRIRUCNA, VAHA_PRIRUCNA) values (26, 17, 30, 4);
insert into PRIRUCNA (ID_BATOZINA, VYSKA_PRIRUCNA, SIRKA_PRIRUCNA, VAHA_PRIRUCNA) values (27, 20, 7, 2);
insert into PRIRUCNA (ID_BATOZINA, VYSKA_PRIRUCNA, SIRKA_PRIRUCNA, VAHA_PRIRUCNA) values (29, 17, 32, 8);
insert into PRIRUCNA (ID_BATOZINA, VYSKA_PRIRUCNA, SIRKA_PRIRUCNA, VAHA_PRIRUCNA) values (30, 13, 36, 3);
insert into PRIRUCNA (ID_BATOZINA, VYSKA_PRIRUCNA, SIRKA_PRIRUCNA, VAHA_PRIRUCNA) values (36, 35, 30, 2);
insert into PRIRUCNA (ID_BATOZINA, VYSKA_PRIRUCNA, SIRKA_PRIRUCNA, VAHA_PRIRUCNA) values (37, 32, 37, 2);
insert into PRIRUCNA (ID_BATOZINA, VYSKA_PRIRUCNA, SIRKA_PRIRUCNA, VAHA_PRIRUCNA) values (39, 16, 17, 3);
insert into PRIRUCNA (ID_BATOZINA, VYSKA_PRIRUCNA, SIRKA_PRIRUCNA, VAHA_PRIRUCNA) values (40, 19, 14, 3);
insert into PRIRUCNA (ID_BATOZINA, VYSKA_PRIRUCNA, SIRKA_PRIRUCNA, VAHA_PRIRUCNA) values (43, 48, 11, 1);
insert into PRIRUCNA (ID_BATOZINA, VYSKA_PRIRUCNA, SIRKA_PRIRUCNA, VAHA_PRIRUCNA) values (44, 34, 20, 3);
insert into PRIRUCNA (ID_BATOZINA, VYSKA_PRIRUCNA, SIRKA_PRIRUCNA, VAHA_PRIRUCNA) values (45, 35, 24, 2);
insert into PRIRUCNA (ID_BATOZINA, VYSKA_PRIRUCNA, SIRKA_PRIRUCNA, VAHA_PRIRUCNA) values (46, 39, 14, 6);
insert into PRIRUCNA (ID_BATOZINA, VYSKA_PRIRUCNA, SIRKA_PRIRUCNA, VAHA_PRIRUCNA) values (48, 16, 36, 8);
insert into PRIRUCNA (ID_BATOZINA, VYSKA_PRIRUCNA, SIRKA_PRIRUCNA, VAHA_PRIRUCNA) values (51, 50, 9, 8);
insert into PRIRUCNA (ID_BATOZINA, VYSKA_PRIRUCNA, SIRKA_PRIRUCNA, VAHA_PRIRUCNA) values (52, 18, 18, 7);
insert into PRIRUCNA (ID_BATOZINA, VYSKA_PRIRUCNA, SIRKA_PRIRUCNA, VAHA_PRIRUCNA) values (57, 29, 27, 4);
insert into PRIRUCNA (ID_BATOZINA, VYSKA_PRIRUCNA, SIRKA_PRIRUCNA, VAHA_PRIRUCNA) values (58, 35, 24, 6);
insert into PRIRUCNA (ID_BATOZINA, VYSKA_PRIRUCNA, SIRKA_PRIRUCNA, VAHA_PRIRUCNA) values (61, 43, 42, 4);
insert into PRIRUCNA (ID_BATOZINA, VYSKA_PRIRUCNA, SIRKA_PRIRUCNA, VAHA_PRIRUCNA) values (63, 43, 8, 6);
insert into PRIRUCNA (ID_BATOZINA, VYSKA_PRIRUCNA, SIRKA_PRIRUCNA, VAHA_PRIRUCNA) values (64, 42, 21, 3);
insert into PRIRUCNA (ID_BATOZINA, VYSKA_PRIRUCNA, SIRKA_PRIRUCNA, VAHA_PRIRUCNA) values (65, 24, 19, 1);
insert into PRIRUCNA (ID_BATOZINA, VYSKA_PRIRUCNA, SIRKA_PRIRUCNA, VAHA_PRIRUCNA) values (66, 42, 34, 7);
insert into PRIRUCNA (ID_BATOZINA, VYSKA_PRIRUCNA, SIRKA_PRIRUCNA, VAHA_PRIRUCNA) values (67, 18, 14, 3);
insert into PRIRUCNA (ID_BATOZINA, VYSKA_PRIRUCNA, SIRKA_PRIRUCNA, VAHA_PRIRUCNA) values (68, 35, 17, 7);
insert into PRIRUCNA (ID_BATOZINA, VYSKA_PRIRUCNA, SIRKA_PRIRUCNA, VAHA_PRIRUCNA) values (73, 43, 10, 2);
insert into PRIRUCNA (ID_BATOZINA, VYSKA_PRIRUCNA, SIRKA_PRIRUCNA, VAHA_PRIRUCNA) values (74, 6, 18, 8);
insert into PRIRUCNA (ID_BATOZINA, VYSKA_PRIRUCNA, SIRKA_PRIRUCNA, VAHA_PRIRUCNA) values (75, 13, 6, 2);
insert into PRIRUCNA (ID_BATOZINA, VYSKA_PRIRUCNA, SIRKA_PRIRUCNA, VAHA_PRIRUCNA) values (76, 3, 32, 5);
insert into PRIRUCNA (ID_BATOZINA, VYSKA_PRIRUCNA, SIRKA_PRIRUCNA, VAHA_PRIRUCNA) values (77, 37, 15, 4);
insert into PRIRUCNA (ID_BATOZINA, VYSKA_PRIRUCNA, SIRKA_PRIRUCNA, VAHA_PRIRUCNA) values (78, 42, 11, 6);
insert into PRIRUCNA (ID_BATOZINA, VYSKA_PRIRUCNA, SIRKA_PRIRUCNA, VAHA_PRIRUCNA) values (79, 2, 17, 6);
insert into PRIRUCNA (ID_BATOZINA, VYSKA_PRIRUCNA, SIRKA_PRIRUCNA, VAHA_PRIRUCNA) values (85, 14, 5, 5);
insert into PRIRUCNA (ID_BATOZINA, VYSKA_PRIRUCNA, SIRKA_PRIRUCNA, VAHA_PRIRUCNA) values (87, 21, 36, 7);
insert into PRIRUCNA (ID_BATOZINA, VYSKA_PRIRUCNA, SIRKA_PRIRUCNA, VAHA_PRIRUCNA) values (90, 12, 24, 2);
insert into PRIRUCNA (ID_BATOZINA, VYSKA_PRIRUCNA, SIRKA_PRIRUCNA, VAHA_PRIRUCNA) values (91, 17, 28, 7);
insert into PRIRUCNA (ID_BATOZINA, VYSKA_PRIRUCNA, SIRKA_PRIRUCNA, VAHA_PRIRUCNA) values (94, 30, 17, 2);
insert into PRIRUCNA (ID_BATOZINA, VYSKA_PRIRUCNA, SIRKA_PRIRUCNA, VAHA_PRIRUCNA) values (95, 49, 25, 6);
insert into PRIRUCNA (ID_BATOZINA, VYSKA_PRIRUCNA, SIRKA_PRIRUCNA, VAHA_PRIRUCNA) values (98, 33, 13, 2);
insert into PRIRUCNA (ID_BATOZINA, VYSKA_PRIRUCNA, SIRKA_PRIRUCNA, VAHA_PRIRUCNA) values (99, 12, 30, 1);

commit

