<?xml version = '1.0' encoding = 'UTF-8'?>
<FKIndexAssociation class="oracle.dbtools.crest.model.design.relational.FKIndexAssociation" directorySegmentName="seg_0" id="13921280-8868-B6B5-DA98-2755D47A08AE" containerWithKeyObject="0345F838-12CE-C386-F9C6-6B34ABF45F2A" localFKIndex="B1970BCE-A0CB-60F6-4E74-073E8AD32AC7" name="FK_ZAKAZNIK_ADRESA">
<createdBy>lesko</createdBy>
<createdTime>2020-05-12 21:59:56 UTC</createdTime>
<generatorID>F30C4C6D-818E-433F-9AD5-4A8713B318DF</generatorID>
<ownerDesignName>let</ownerDesignName>
<referredTableLongName>ADRESA</referredTableLongName>
<deleteRule>NO ACTION</deleteRule>
<referredTableID>B832737D-8A00-1C9E-6344-9AD2B30EAE41</referredTableID>
<keyObject>66FF0E47-A351-898A-14D8-61EEC2C28BF7</keyObject>
<referredKeyID>66FF0E47-A351-898A-14D8-61EEC2C28BF7</referredKeyID>
<mandatory>true</mandatory>
<refColNames>ID_adresa</refColNames>
<transferable>true</transferable>
<rely>false</rely>
<columnDependencyConstraintGenerateInDDL>true</columnDependencyConstraintGenerateInDDL>
</FKIndexAssociation>