<?xml version = '1.0' encoding = 'UTF-8'?>
<FKIndexAssociation class="oracle.dbtools.crest.model.design.relational.FKIndexAssociation" directorySegmentName="seg_0" id="20AEC292-6479-D88C-9369-50916CFCFA49" containerWithKeyObject="37E7AE0B-4ABC-2FE4-87B6-AF2338FCE1A1" localFKIndex="0953A98F-C98E-C681-2B03-CA7A4D40A0B1" name="FK_LETENKA_ZAKAZNIK">
<createdBy>lesko</createdBy>
<createdTime>2020-05-12 21:59:56 UTC</createdTime>
<generatorID>F7BBC5DD-8094-623E-E453-3107F890BAC3</generatorID>
<ownerDesignName>let</ownerDesignName>
<referredTableLongName>ZAKAZNIK</referredTableLongName>
<deleteRule>NO ACTION</deleteRule>
<referredTableID>0345F838-12CE-C386-F9C6-6B34ABF45F2A</referredTableID>
<keyObject>49B7A9C0-2E30-23B1-3822-972D4FD81A05</keyObject>
<referredKeyID>49B7A9C0-2E30-23B1-3822-972D4FD81A05</referredKeyID>
<mandatory>true</mandatory>
<refColNames>ID_zakaznik</refColNames>
<transferable>true</transferable>
<rely>false</rely>
<columnDependencyConstraintGenerateInDDL>true</columnDependencyConstraintGenerateInDDL>
</FKIndexAssociation>