<?xml version = '1.0' encoding = 'UTF-8'?>
<FKIndexAssociation class="oracle.dbtools.crest.model.design.relational.FKIndexAssociation" directorySegmentName="seg_0" id="260C245E-243D-CA42-315A-E731F5EC0CA3" containerWithKeyObject="B34D5491-AC55-C819-B75D-89B09C5F6A19" localFKIndex="4C4DC65F-DD7F-D926-6CDA-DEC18A75742B" name="FK_Destinaciav1_DESTINACIA">
<createdBy>lesko</createdBy>
<createdTime>2020-05-12 21:59:56 UTC</createdTime>
<generatorID>3EF0F01E-F55C-B1A6-EE05-8D6811FA692E</generatorID>
<ownerDesignName>let</ownerDesignName>
<referredTableLongName>DESTINACIA</referredTableLongName>
<deleteRule>NO ACTION</deleteRule>
<referredTableID>3739A418-E130-2CF7-66AF-FDF913EBBF7B</referredTableID>
<keyObject>FB224F43-AEEA-5332-BD9D-103C17D51173</keyObject>
<referredKeyID>FB224F43-AEEA-5332-BD9D-103C17D51173</referredKeyID>
<mandatory>true</mandatory>
<refColNames>ID_destinacia</refColNames>
<transferable>true</transferable>
<rely>false</rely>
<columnDependencyConstraintGenerateInDDL>true</columnDependencyConstraintGenerateInDDL>
</FKIndexAssociation>