<?xml version = '1.0' encoding = 'UTF-8'?>
<FKIndexAssociation class="oracle.dbtools.crest.model.design.relational.FKIndexAssociation" directorySegmentName="seg_0" id="3FF959DC-67F3-83B3-2F07-455533F7EE93" containerWithKeyObject="37E7AE0B-4ABC-2FE4-87B6-AF2338FCE1A1" localFKIndex="38AE7AD7-BE7E-8079-E370-A0C16D373E27" name="FK_LETENKA_LET">
<createdBy>lesko</createdBy>
<createdTime>2020-05-12 21:59:56 UTC</createdTime>
<generatorID>5A28B227-03D7-2B58-0996-EDEF2C11705F</generatorID>
<ownerDesignName>let</ownerDesignName>
<referredTableLongName>LET</referredTableLongName>
<deleteRule>NO ACTION</deleteRule>
<referredTableID>6F33A94B-75DC-6CC1-E9A3-4ACF8F108E85</referredTableID>
<keyObject>326A5584-1ECB-CBA9-AED0-F16320768F79</keyObject>
<referredKeyID>326A5584-1ECB-CBA9-AED0-F16320768F79</referredKeyID>
<mandatory>true</mandatory>
<refColNames>ID_let</refColNames>
<transferable>true</transferable>
<rely>false</rely>
<columnDependencyConstraintGenerateInDDL>true</columnDependencyConstraintGenerateInDDL>
</FKIndexAssociation>