<?xml version = '1.0' encoding = 'UTF-8'?>
<FKIndexAssociation class="oracle.dbtools.crest.model.design.relational.FKIndexAssociation" directorySegmentName="seg_0" id="46B9DA8D-372D-B45C-D745-FCAAB0B46FF7" containerWithKeyObject="98C52FFF-846B-C559-80F6-2CA481072DDC" localFKIndex="3566DACC-D5BA-2A30-0CB5-3726602AF8CF" name="FK_BATOZINA_LETENKA">
<createdBy>lesko</createdBy>
<createdTime>2020-05-12 21:59:56 UTC</createdTime>
<generatorID>713BF0A0-D767-C867-0FAA-96028E2A9417</generatorID>
<ownerDesignName>let</ownerDesignName>
<referredTableLongName>LETENKA</referredTableLongName>
<deleteRule>NO ACTION</deleteRule>
<referredTableID>37E7AE0B-4ABC-2FE4-87B6-AF2338FCE1A1</referredTableID>
<keyObject>331A83ED-5390-5996-8C6B-4B0F0B977B6F</keyObject>
<referredKeyID>331A83ED-5390-5996-8C6B-4B0F0B977B6F</referredKeyID>
<mandatory>true</mandatory>
<refColNames>ID_letenka</refColNames>
<transferable>true</transferable>
<rely>false</rely>
<columnDependencyConstraintGenerateInDDL>true</columnDependencyConstraintGenerateInDDL>
</FKIndexAssociation>