<?xml version = '1.0' encoding = 'UTF-8'?>
<FKIndexAssociation class="oracle.dbtools.crest.model.design.relational.FKIndexAssociation" directorySegmentName="seg_0" id="4A12D40B-7079-3725-9125-3ACAF2A45473" containerWithKeyObject="B3608410-2177-A5D6-88B2-78CCEEA0557C" localFKIndex="8C3FE4EF-D44D-66B2-28DF-237748BEDD47" name="FK_TAZKA_BATOZINA_BATOZINA">
<createdBy>lesko</createdBy>
<createdTime>2020-05-12 21:59:56 UTC</createdTime>
<generatorID>41007AC9-F93C-CCC0-6D46-9A7DB53C909E</generatorID>
<ownerDesignName>let</ownerDesignName>
<referredTableLongName>BATOZINA</referredTableLongName>
<arc>C350709F-E4B8-98E4-1550-86D3BF0803CE</arc>
<deleteRule>NO ACTION</deleteRule>
<referredTableID>98C52FFF-846B-C559-80F6-2CA481072DDC</referredTableID>
<keyObject>5CD0675E-3521-E17F-8F87-3BC9A7E3C28E</keyObject>
<referredKeyID>5CD0675E-3521-E17F-8F87-3BC9A7E3C28E</referredKeyID>
<mandatory>true</mandatory>
<refColNames>ID_batozina</refColNames>
<transferable>true</transferable>
<rely>false</rely>
<discriminatorValue>&apos;tazka&apos;</discriminatorValue>
<columnDependencyConstraintGenerateInDDL>true</columnDependencyConstraintGenerateInDDL>
</FKIndexAssociation>