<?xml version = '1.0' encoding = 'UTF-8'?>
<FKIndexAssociation class="oracle.dbtools.crest.model.design.relational.FKIndexAssociation" directorySegmentName="seg_0" id="6EF243CB-A99A-0798-C8AC-F8169389343F" containerWithKeyObject="B34D5491-AC55-C819-B75D-89B09C5F6A19" localFKIndex="24F180E9-D9E8-6D7C-11A6-75DA78DC464E" name="FK_Destinaciav1_LET">
<createdBy>lesko</createdBy>
<createdTime>2020-05-12 21:59:56 UTC</createdTime>
<generatorID>3EF0F01E-F55C-B1A6-EE05-8D6811FA692E</generatorID>
<ownerDesignName>let</ownerDesignName>
<referredTableLongName>LET</referredTableLongName>
<deleteRule>NO ACTION</deleteRule>
<referredTableID>6F33A94B-75DC-6CC1-E9A3-4ACF8F108E85</referredTableID>
<keyObject>326A5584-1ECB-CBA9-AED0-F16320768F79</keyObject>
<referredKeyID>326A5584-1ECB-CBA9-AED0-F16320768F79</referredKeyID>
<mandatory>true</mandatory>
<refColNames>ID_let</refColNames>
<transferable>true</transferable>
<rely>false</rely>
<columnDependencyConstraintGenerateInDDL>true</columnDependencyConstraintGenerateInDDL>
</FKIndexAssociation>