<?xml version = '1.0' encoding = 'UTF-8'?>
<FKIndexAssociation class="oracle.dbtools.crest.model.design.relational.FKIndexAssociation" directorySegmentName="seg_0" id="8A0F3C78-1A69-864A-35E0-9B6991A9C695" containerWithKeyObject="828092F8-0C98-79A2-A18D-9A6B925DABDE" localFKIndex="C332A601-FF4D-F807-A472-69A2C8BB6153" name="FK_PRIRUCNA_BATOZINA">
<createdBy>lesko</createdBy>
<createdTime>2020-05-12 21:59:56 UTC</createdTime>
<generatorID>C2B4E984-DFE0-78FB-6E41-F477BF3CBBD3</generatorID>
<ownerDesignName>let</ownerDesignName>
<referredTableLongName>BATOZINA</referredTableLongName>
<arc>C350709F-E4B8-98E4-1550-86D3BF0803CE</arc>
<deleteRule>NO ACTION</deleteRule>
<referredTableID>98C52FFF-846B-C559-80F6-2CA481072DDC</referredTableID>
<keyObject>5CD0675E-3521-E17F-8F87-3BC9A7E3C28E</keyObject>
<referredKeyID>5CD0675E-3521-E17F-8F87-3BC9A7E3C28E</referredKeyID>
<mandatory>true</mandatory>
<refColNames>ID_batozina</refColNames>
<transferable>true</transferable>
<rely>false</rely>
<discriminatorValue>&apos;prirucna&apos;</discriminatorValue>
<columnDependencyConstraintGenerateInDDL>true</columnDependencyConstraintGenerateInDDL>
</FKIndexAssociation>