<?xml version = '1.0' encoding = 'UTF-8'?>
<FKIndexAssociation class="oracle.dbtools.crest.model.design.relational.FKIndexAssociation" directorySegmentName="seg_0" id="8A2210F5-DC41-E463-6E8D-45BAD286556E" containerWithKeyObject="B1BE16CF-A2D9-AFFD-85F2-5FBDF3C2A87D" localFKIndex="4E898412-EF1B-82B4-702F-E2C077213E14" name="FK_HODNOTENIE_ZAKAZNIK">
<createdBy>lesko</createdBy>
<createdTime>2020-05-12 21:59:56 UTC</createdTime>
<generatorID>360B9036-DC43-7D40-487A-0AEBE8191F24</generatorID>
<ownerDesignName>let</ownerDesignName>
<referredTableLongName>ZAKAZNIK</referredTableLongName>
<deleteRule>NO ACTION</deleteRule>
<referredTableID>0345F838-12CE-C386-F9C6-6B34ABF45F2A</referredTableID>
<keyObject>49B7A9C0-2E30-23B1-3822-972D4FD81A05</keyObject>
<referredKeyID>49B7A9C0-2E30-23B1-3822-972D4FD81A05</referredKeyID>
<mandatory>false</mandatory>
<refColNames>ID_zakaznik</refColNames>
<transferable>true</transferable>
<rely>false</rely>
<columnDependencyConstraintGenerateInDDL>true</columnDependencyConstraintGenerateInDDL>
</FKIndexAssociation>