<?xml version = '1.0' encoding = 'UTF-8'?>
<FKIndexAssociation class="oracle.dbtools.crest.model.design.relational.FKIndexAssociation" directorySegmentName="seg_0" id="9972FE6C-14DB-626E-19B9-68E3659FD8BE" containerWithKeyObject="37E7AE0B-4ABC-2FE4-87B6-AF2338FCE1A1" localFKIndex="0C0D0D85-E90B-CB34-9060-B94B0CE3BD5D" name="FK_LETENKA_TYP_LETENKA">
<createdBy>lesko</createdBy>
<createdTime>2020-05-12 21:59:56 UTC</createdTime>
<generatorID>8DA8E34F-5455-9E8D-3454-D3C7BDAB730B</generatorID>
<ownerDesignName>let</ownerDesignName>
<referredTableLongName>TYP_LETENKA</referredTableLongName>
<deleteRule>NO ACTION</deleteRule>
<referredTableID>3BF026A4-3FA2-0B67-8706-C3A74B6C68FB</referredTableID>
<keyObject>C5C6E017-1C09-D243-1FF9-A5E49C66C19A</keyObject>
<referredKeyID>C5C6E017-1C09-D243-1FF9-A5E49C66C19A</referredKeyID>
<mandatory>true</mandatory>
<refColNames>ID_typ</refColNames>
<transferable>true</transferable>
<rely>false</rely>
<columnDependencyConstraintGenerateInDDL>true</columnDependencyConstraintGenerateInDDL>
</FKIndexAssociation>