<?xml version = '1.0' encoding = 'UTF-8'?>
<Diagram class="oracle.dbtools.crest.swingui.relational.DPVRelational" name="Relational_1" id="EFCAAD92-7F5A-DABF-3DEA-F618B80A059D">
<createdBy>lesko</createdBy>
<modifiedBy>lesko</modifiedBy>
<createdTime>2020-05-12 19:02:34 UTC</createdTime>
<autoRoute>false</autoRoute>
<boxInbox>true</boxInbox>
<showLegend>false</showLegend>
<showLabels>false</showLabels>
<showRelAttributes>false</showRelAttributes>
<gridEnabled>false</gridEnabled>
<showGrid>false</showGrid>
<diagramColor>-1</diagramColor>
<display>false</display>
<notation>1</notation>
<objectViews>
<OView class="oracle.dbtools.crest.swingui.relational.TVTable" oid="0345F838-12CE-C386-F9C6-6B34ABF45F2A" otype="Table" vid="26DB4C96-E4E2-DC3F-DBD9-962102E63170">
<hideElementsInCurrentOnly>false</hideElementsInCurrentOnly>
<bounds x="246" y="195" width="243" height="168"/>
</OView>
<OView class="oracle.dbtools.crest.swingui.relational.TVTable" oid="3739A418-E130-2CF7-66AF-FDF913EBBF7B" otype="Table" vid="CBC25A99-424F-1530-77DE-DD9EF97552F9">
<hideElementsInCurrentOnly>false</hideElementsInCurrentOnly>
<bounds x="113" y="861" width="252" height="130"/>
</OView>
<OView class="oracle.dbtools.crest.swingui.relational.TVTable" oid="37E7AE0B-4ABC-2FE4-87B6-AF2338FCE1A1" otype="Table" vid="78004796-1225-1A8F-E475-6B055501A8C3">
<hideElementsInCurrentOnly>false</hideElementsInCurrentOnly>
<bounds x="534" y="177" width="351" height="229"/>
</OView>
<OView class="oracle.dbtools.crest.swingui.relational.TVTable" oid="3BF026A4-3FA2-0B67-8706-C3A74B6C68FB" otype="Table" vid="C72CFD64-1D7E-5FB0-C922-9E8B6039B020">
<hideElementsInCurrentOnly>false</hideElementsInCurrentOnly>
<bounds x="523" y="12" width="344" height="99"/>
</OView>
<OView class="oracle.dbtools.crest.swingui.relational.TVTable" oid="6F33A94B-75DC-6CC1-E9A3-4ACF8F108E85" otype="Table" vid="B2CD7D6C-4996-80FB-8D9B-03869A92DEDC">
<hideElementsInCurrentOnly>false</hideElementsInCurrentOnly>
<bounds x="191" y="430" width="141" height="157"/>
</OView>
<OView class="oracle.dbtools.crest.swingui.relational.TVTable" oid="828092F8-0C98-79A2-A18D-9A6B925DABDE" otype="Table" vid="504ED3BF-E0A6-AB87-3E5C-ABB05F1F3997">
<hideElementsInCurrentOnly>false</hideElementsInCurrentOnly>
<bounds x="680" y="771" width="227" height="137"/>
</OView>
<OView class="oracle.dbtools.crest.swingui.relational.TVTable" oid="98C52FFF-846B-C559-80F6-2CA481072DDC" otype="Table" vid="E2DDB1CF-9AC2-968A-B306-079755378A3A">
<hideElementsInCurrentOnly>false</hideElementsInCurrentOnly>
<bounds x="586" y="516" width="253" height="154"/>
</OView>
<OView class="oracle.dbtools.crest.swingui.relational.TVTable" oid="B1BE16CF-A2D9-AFFD-85F2-5FBDF3C2A87D" otype="Table" vid="B2B92C16-80E8-1035-B7B9-747CD146DADF">
<hideElementsInCurrentOnly>false</hideElementsInCurrentOnly>
<bounds x="105" y="0" width="289" height="112"/>
</OView>
<OView class="oracle.dbtools.crest.swingui.relational.TVTable" oid="B34D5491-AC55-C819-B75D-89B09C5F6A19" otype="Table" vid="5D7CC1C6-26C2-C550-C689-CBF476FAEE35">
<hideElementsInCurrentOnly>false</hideElementsInCurrentOnly>
<bounds x="141" y="666" width="265" height="109"/>
</OView>
<OView class="oracle.dbtools.crest.swingui.relational.TVTable" oid="B3608410-2177-A5D6-88B2-78CCEEA0557C" otype="Table" vid="93DC492D-FEB3-67C8-0CFF-5612CB8997ED">
<hideElementsInCurrentOnly>false</hideElementsInCurrentOnly>
<bounds x="419" y="779" width="230" height="126"/>
</OView>
<OView class="oracle.dbtools.crest.swingui.relational.TVTable" oid="B832737D-8A00-1C9E-6344-9AD2B30EAE41" otype="Table" vid="FE4A2C17-133D-2418-904E-FD025C5957C1">
<hideElementsInCurrentOnly>false</hideElementsInCurrentOnly>
<bounds x="0" y="208" width="214" height="184"/>
</OView>
</objectViews>
<connectors>
<Connector class="oracle.dbtools.crest.swingui.relational.TVFKRelation" oid="13921280-8868-B6B5-DA98-2755D47A08AE" otype="FKIndexAssociation" vid_source="FE4A2C17-133D-2418-904E-FD025C5957C1" vid_target="26DB4C96-E4E2-DC3F-DBD9-962102E63170">
<hideElementsInCurrentOnly>false</hideElementsInCurrentOnly>
<backgroundColor>-16777216</backgroundColor>
<lineWidth>1</lineWidth>
<points>
<point x="214" y="285"/>
<point x="246" y="285"/>
</points>
</Connector>
<Connector class="oracle.dbtools.crest.swingui.relational.TVFKRelation" oid="20AEC292-6479-D88C-9369-50916CFCFA49" otype="FKIndexAssociation" vid_source="26DB4C96-E4E2-DC3F-DBD9-962102E63170" vid_target="78004796-1225-1A8F-E475-6B055501A8C3">
<hideElementsInCurrentOnly>false</hideElementsInCurrentOnly>
<backgroundColor>-16777216</backgroundColor>
<lineWidth>1</lineWidth>
<points>
<point x="489" y="279"/>
<point x="534" y="279"/>
</points>
</Connector>
<Connector class="oracle.dbtools.crest.swingui.relational.TVFKRelation" oid="260C245E-243D-CA42-315A-E731F5EC0CA3" otype="FKIndexAssociation" vid_source="CBC25A99-424F-1530-77DE-DD9EF97552F9" vid_target="5D7CC1C6-26C2-C550-C689-CBF476FAEE35">
<hideElementsInCurrentOnly>false</hideElementsInCurrentOnly>
<backgroundColor>-16777216</backgroundColor>
<lineWidth>1</lineWidth>
<points>
<point x="253" y="861"/>
<point x="253" y="775"/>
</points>
</Connector>
<Connector class="oracle.dbtools.crest.swingui.relational.TVFKRelation" oid="3FF959DC-67F3-83B3-2F07-455533F7EE93" otype="FKIndexAssociation" vid_source="B2CD7D6C-4996-80FB-8D9B-03869A92DEDC" vid_target="78004796-1225-1A8F-E475-6B055501A8C3">
<hideElementsInCurrentOnly>false</hideElementsInCurrentOnly>
<backgroundColor>-16777216</backgroundColor>
<lineWidth>1</lineWidth>
<points>
<point x="332" y="474"/>
<point x="534" y="376"/>
</points>
</Connector>
<Connector class="oracle.dbtools.crest.swingui.relational.TVFKRelation" oid="46B9DA8D-372D-B45C-D745-FCAAB0B46FF7" otype="FKIndexAssociation" vid_source="78004796-1225-1A8F-E475-6B055501A8C3" vid_target="E2DDB1CF-9AC2-968A-B306-079755378A3A">
<hideElementsInCurrentOnly>false</hideElementsInCurrentOnly>
<backgroundColor>-16777216</backgroundColor>
<lineWidth>1</lineWidth>
<points>
<point x="712" y="406"/>
<point x="712" y="516"/>
</points>
</Connector>
<Connector class="oracle.dbtools.crest.swingui.relational.TVFKRelation" oid="4A12D40B-7079-3725-9125-3ACAF2A45473" otype="FKIndexAssociation" vid_source="E2DDB1CF-9AC2-968A-B306-079755378A3A" vid_target="93DC492D-FEB3-67C8-0CFF-5612CB8997ED">
<hideElementsInCurrentOnly>false</hideElementsInCurrentOnly>
<backgroundColor>-16777216</backgroundColor>
<lineWidth>1</lineWidth>
<points>
<point x="632" y="670"/>
<point x="632" y="779"/>
</points>
</Connector>
<Connector class="oracle.dbtools.crest.swingui.relational.TVFKRelation" oid="6EF243CB-A99A-0798-C8AC-F8169389343F" otype="FKIndexAssociation" vid_source="B2CD7D6C-4996-80FB-8D9B-03869A92DEDC" vid_target="5D7CC1C6-26C2-C550-C689-CBF476FAEE35">
<hideElementsInCurrentOnly>false</hideElementsInCurrentOnly>
<backgroundColor>-16777216</backgroundColor>
<lineWidth>1</lineWidth>
<points>
<point x="261" y="587"/>
<point x="261" y="666"/>
</points>
</Connector>
<Connector class="oracle.dbtools.crest.swingui.relational.TVFKRelation" oid="8A0F3C78-1A69-864A-35E0-9B6991A9C695" otype="FKIndexAssociation" vid_source="E2DDB1CF-9AC2-968A-B306-079755378A3A" vid_target="504ED3BF-E0A6-AB87-3E5C-ABB05F1F3997">
<hideElementsInCurrentOnly>false</hideElementsInCurrentOnly>
<backgroundColor>-16777216</backgroundColor>
<lineWidth>1</lineWidth>
<points>
<point x="758" y="670"/>
<point x="758" y="731"/>
<point x="758" y="771"/>
</points>
</Connector>
<Connector class="oracle.dbtools.crest.swingui.relational.TVFKRelation" oid="8A2210F5-DC41-E463-6E8D-45BAD286556E" otype="FKIndexAssociation" vid_source="26DB4C96-E4E2-DC3F-DBD9-962102E63170" vid_target="B2B92C16-80E8-1035-B7B9-747CD146DADF">
<hideElementsInCurrentOnly>false</hideElementsInCurrentOnly>
<backgroundColor>-16777216</backgroundColor>
<lineWidth>1</lineWidth>
<points>
<point x="320" y="195"/>
<point x="320" y="112"/>
</points>
</Connector>
<Connector class="oracle.dbtools.crest.swingui.relational.TVFKRelation" oid="9972FE6C-14DB-626E-19B9-68E3659FD8BE" otype="FKIndexAssociation" vid_source="C72CFD64-1D7E-5FB0-C922-9E8B6039B020" vid_target="78004796-1225-1A8F-E475-6B055501A8C3">
<hideElementsInCurrentOnly>false</hideElementsInCurrentOnly>
<backgroundColor>-16777216</backgroundColor>
<lineWidth>1</lineWidth>
<points>
<point x="700" y="111"/>
<point x="700" y="177"/>
</points>
</Connector>
</connectors>
<arcs>
<Arc class="oracle.dbtools.crest.swingui.relational.TVFKArc" oid="C350709F-E4B8-98E4-1550-86D3BF0803CE" otype="FKArc" vid="388AE6F0-C41B-5FBF-BB7A-CD9A74A93BF2">
<hideElementsInCurrentOnly>false</hideElementsInCurrentOnly>
<bounds x="566" y="496" width="293" height="194"/>
</Arc>
</arcs>
</Diagram>