<?xml version = '1.0' encoding = 'UTF-8'?>
<FKArc class="oracle.dbtools.crest.model.design.relational.FKArc" directorySegmentName="seg_0" id="C350709F-E4B8-98E4-1550-86D3BF0803CE" name="Arc_3">
<createdBy>lesko</createdBy>
<createdTime>2020-05-12 21:59:56 UTC</createdTime>
<ownerDesignName>Model</ownerDesignName>
<mandatory>true</mandatory>
<reverseArc>true</reverseArc>
<table>98C52FFF-846B-C559-80F6-2CA481072DDC</table>
<discriminatorColumn>32519F43-C643-C4BC-9ED3-F15515BA37B5</discriminatorColumn>
<fkeys>
<fkeyID>8A0F3C78-1A69-864A-35E0-9B6991A9C695</fkeyID>
<fkeyID>4A12D40B-7079-3725-9125-3ACAF2A45473</fkeyID>
</fkeys>
</FKArc>